cpp_code,rust_code
"Translate the following C++ code to Rust, ensuring the result is idiomatic, safe, and efficient. Utilize Rust best practices such as ownership, borrowing, and error handling with Result where applicable. Optimize for performance while maintaining readability, following Rust's rustfmt conventions. Ensure the translated code is well-structured, properly indented, and free of unnecessary allocations:
```
#include <iostream>
using namespace std;

int main() {
        cout << “Hello, World!” << endl;
        return 0;
}
```","Here is the translation from C++ to Rust.
```
fn main() {
println! (“Hello, World!”);
} 
```"
"Translate the following C++ code to Rust, ensuring the result is idiomatic, safe, and efficient. Utilize Rust best practices such as ownership, borrowing, and error handling with Result where applicable. Optimize for performance while maintaining readability, following Rust's rustfmt conventions. Ensure the translated code is well-structured, properly indented, and free of unnecessary allocations:
```
#include <iostream>
int main() {
int n;
std::cin >> n;
for(int i = 0; i < n; i++) {
                    for(int j = 0; j < n; j++){
                               if (i == j) {
                            std::cout << 1;
                                }
                                else {
                            std::cout << 0;
                                }
}
                        std:: cout << ""\n"";
}
return 0;
};
```","Here is the translation from C++ to Rust.
```
use std::io;

fn main() {
    let mut n = String::new();
    io::stdin().read_line(&mut n).expect(""Failed to read line"");

    let n: usize = n.trim().parse().expect(""Please type a number!"");

    for i in 0..n {
        for j in 0..n {
            if i == j {
                print!(""1"");
            } else {
                print!(""0"");
            }
        }
        println!();
    }
}
```"
"Translate the following C++ code to Rust, ensuring the result is idiomatic, safe, and efficient. Utilize Rust best practices such as ownership, borrowing, and error handling with Result where applicable. Optimize for performance while maintaining readability, following Rust's rustfmt conventions. Ensure the translated code is well-structured, properly indented, and free of unnecessary allocations:
```
#include <iostream>
bool isPrime(int);
void printPrime(int num1, int num2);

int main(){
    int num1, num2;
    std::cout << ""Enter two positive integers: "";
    std::cin >> num1 >> num2;
    printPrime(num1, num2);
}
// prints the prime number between num1 and num2
void printPrime(int num1, int num2){
    if (num1 > num2){
       // swap if num1 is greater than num2
        std::swap(num1, num2);
    }
    for(int i = num1 + 1 ; i < num2 ; ++i){
        if (isPrime(i)){
            std::cout << i << "" "";
        }
    }
}
// returns true is the given number is true false otherwise
bool isPrime(int n){
    bool is_prime = true;
    // 0 and 1 are not prime numbers
    if (n == 0 || n == 1) {
       return false;
    }
    for(int i = 2; i <= n/2; ++i) {
      if (n % i == 0) {
         return false;
      }
    }
  return is_prime;
}
```","Here is the translation from C++ to Rust.
```
fn main() {
    let (num1, num2) = get_user_input();
    print_primes_between(num1, num2);
}

fn get_user_input() -> (i32, i32) {
    println!(""Enter two positive integers:"");
    let mut num1 = String::new();
    let mut num2 = String::new();
    std::io::stdin().read_line(&mut num1).expect(""Failed to read line"");
    std::io::stdin().read_line(&mut num2).expect(""Failed to read line"");
    let num1: i32 = num1.trim().parse().expect(""Please type a number!"");
    let num2: i32 = num2.trim().parse().expect(""Please type a number!"");
    (num1, num2)
}

fn print_primes_between(num1: i32, num2: i32) {
    let (start, end) = if num1 > num2 { (num2, num1) } else { (num1, num2) };
    for i in (start + 1)..end {
        if is_prime(i) {
            println!(""{}"", i);
        }
    }
}

fn is_prime(n: i32) -> bool {
    if n <= 1 {
        return false;
    }
    for i in 2..=(n / 2) {
        if n % i == 0 {
            return false;
        }
    }
    true
}
```"
"Translate the following C++ code to Rust, ensuring the result is idiomatic, safe, and efficient. Utilize Rust best practices such as ownership, borrowing, and error handling with Result where applicable. Optimize for performance while maintaining readability, following Rust's rustfmt conventions. Ensure the translated code is well-structured, properly indented, and free of unnecessary allocations:
```
#include <iostream>
using namespace std;

// create a class
class Room {

   public:
    double length;
    double breadth;
    double height;

    double calculate_area() {
        return length * breadth;
    }

    double calculate_volume() {
        return length * breadth * height;
    }
};

int main() {

    // create object of Room class
    Room room1;

    // assign values to data members
    room1.length = 42.5;
    room1.breadth = 30.8;
    room1.height = 19.2;

    // calculate and display the area and volume of the room
    cout << ""Area of Room =  "" << room1.calculate_area() << endl;
    cout << ""Volume of Room =  "" << room1.calculate_volume() << endl;

    return 0;
}
```","Here is the translation from C++ to Rust.
```
struct Room {
    length: f64,
    breadth: f64,
    height: f64,
}

impl Room {
    fn calculate_area(&self) -> f64 {
        self.length * self.breadth
    }

    fn calculate_volume(&self) -> f64 {
        self.length * self.breadth * self.height
    }
}

fn main() {
    // create object of Room struct
    let room1 = Room {
        length: 42.5,
        breadth: 30.8,
        height: 19.2,
    };

    // calculate and display the area and volume of the room
    println!(""Area of Room = {}"", room1.calculate_area());
    println!(""Volume of Room = {}"", room1.calculate_volume());
}
```"
"Translate the following C++ code to Rust, ensuring the result is idiomatic, safe, and efficient. Utilize Rust best practices such as ownership, borrowing, and error handling with Result where applicable. Optimize for performance while maintaining readability, following Rust's rustfmt conventions. Ensure the translated code is well-structured, properly indented, and free of unnecessary allocations:
```
#include <iostream>
using namespace std;

int main()
{
    // declare variables
    int var1 = 3;
    int var2 = 24;
    int var3 = 17;

    // print address of var1
    cout << ""Address of var1: ""<< &var1 << endl;

    // print address of var2
    cout << ""Address of var2: "" << &var2 << endl;

    // print address of var3
    cout << ""Address of var3: "" << &var3 << endl;
}
```","Here is the translation from C++ to Rust.
```
fn main() {
    // declare variables
    let var1 = 3;
    let var2 = 24;
    let var3 = 17;

    // print address of var1
    println!(""Address of var1: {:p}"", &var1);

    // print address of var2
    println!(""Address of var2: {:p}"", &var2);

    // print address of var3
    println!(""Address of var3: {:p}"", &var3);
}
```
"
"Translate the following C++ code to Rust, ensuring the result is idiomatic, safe, and efficient. Utilize Rust best practices such as ownership, borrowing, and error handling with Result where applicable. Optimize for performance while maintaining readability, following Rust's rustfmt conventions. Ensure the translated code is well-structured, properly indented, and free of unnecessary allocations:
```
#include <iostream>
#include <fstream>

using namespace std;

int main() {

    // open a text file for reading
    ifstream my_file(""example.txt"");

    // check the file for errors
    if(!my_file) {
        cout << ""Error: Unable to open the file."" << endl;
        return 1;
    }

    // store the contents of the file in ""line"" string
    string line;

    // loop until the end of the text file
    while (!my_file.eof()) {

        // store the current line of the file
        // in the ""line"" variable
        getline(my_file, line);

        // print the line variable
        cout << line << endl;
    }

    // close the file
    my_file.close();

    return 0;
}
```","Here is the translation from C++ to Rust.
```
use std::fs::File;
use std::io::{self, BufRead};

fn main() {
    // open a text file for reading
    let file = File::open(""example.txt"").expect(""Error: Unable to open the file."");

    // create a buffered reader for the file
    let reader = io::BufReader::new(file);

    // loop through each line of the file
    for line in reader.lines() {
        // print the line
        println!(""{}"", line.unwrap());
    }
}
```"
"Translate the following C++ code to Rust, ensuring the result is idiomatic, safe, and efficient. Utilize Rust best practices such as ownership, borrowing, and error handling with Result where applicable. Optimize for performance while maintaining readability, following Rust's rustfmt conventions. Ensure the translated code is well-structured, properly indented, and free of unnecessary allocations:
```
#include <iostream>

using namespace std;

void display(char *);
void display(string);

int main()
{
    string str1;
    char str[100];

    cout << ""Enter a string: "";
    getline(cin, str1);

    cout << ""Enter another string: "";
    cin.get(str, 100, '\n');

    display(str1);
    display(str);
    return 0;
}

void display(char s[])
{
    cout << ""Entered char array is: "" << s << endl;
}

void display(string s)
{
    cout << ""Entered string is: "" << s << endl;
}
```","Here is the translation from C++ to Rust.
```
use std::io;

fn display(s: &str) {
    println!(""Entered string is: {}"", s);
}

fn main() {
    let mut str1 = String::new();
    let mut str = String::new();

    println!(""Enter a string: "");
    io::stdin().read_line(&mut str1).expect(""Failed to read line"");

    println!(""Enter another string: "");
    io::stdin().read_line(&mut str).expect(""Failed to read line"");

    display(&str1);
    display(&str);
}
```"
"Translate the following C++ code to Rust, ensuring the result is idiomatic, safe, and efficient. Utilize Rust best practices such as ownership, borrowing, and error handling with Result where applicable. Optimize for performance while maintaining readability, following Rust's rustfmt conventions. Ensure the translated code is well-structured, properly indented, and free of unnecessary allocations:
```
// C++ Program to Create a new thread using function pointer
// Function

#include <iostream>
#include <thread>

using namespace std;

// Function to be executed by the new thread
void myFunction()
{
    cout << ""Hello from the new thread!"" << endl;
}

int main()
{
    // Create a new thread that calls myFunction
    thread newThread(myFunction);

    // Wait for the new thread to finish execution
    newThread.join();

    cout << ""Hello from the main thread!"" << endl;

    return 0;
}
```","Here is the translation from C++ to Rust.
```
use std::thread;

// Function to be executed by the new thread
fn my_function() {
    println!(""Hello from the new thread!"");
}

fn main() {
    // Create a new thread that calls my_function
    let new_thread = thread::spawn(my_function);

    // Wait for the new thread to finish execution
    new_thread.join().unwrap();

    println!(""Hello from the main thread!"");
}
```"
"Translate the following C++ code to Rust, ensuring the result is idiomatic, safe, and efficient. Utilize Rust best practices such as ownership, borrowing, and error handling with Result where applicable. Optimize for performance while maintaining readability, following Rust's rustfmt conventions. Ensure the translated code is well-structured, properly indented, and free of unnecessary allocations:
```
// Factorial of n = 1*2*3*...*n

#include <iostream>
using namespace std;

int factorial(int);

int main() {
    int n, result;

    cout << ""Enter a non-negative number: "";
    cin >> n;

    result = factorial(n);
    cout << ""Factorial of "" << n << "" = "" << result;
    return 0;
}

int factorial(int n) {
    if (n > 1) {
        return n * factorial(n - 1);
    } else {
        return 1;
    }
}
```","Here is the translation from C++ to Rust.
```
// Factorial of n = 1*2*3*...*n

use std::io;

fn factorial(n: i32) -> i32 {
    if n > 1 {
        n * factorial(n - 1)
    } else {
        1
    }
}

fn main() {
    let mut input = String::new();
    println!(""Enter a non-negative number: "");
    io::stdin().read_line(&mut input).expect(""Failed to read line"");
    let n: i32 = input.trim().parse().expect(""Please type a number!"");

    let result = factorial(n);
    println!(""Factorial of {} = {}"", n, result);
}
```"
"Translate the following C++ code to Rust, ensuring the result is idiomatic, safe, and efficient. Utilize Rust best practices such as ownership, borrowing, and error handling with Result where applicable. Optimize for performance while maintaining readability, following Rust's rustfmt conventions. Ensure the translated code is well-structured, properly indented, and free of unnecessary allocations:
```
#include <iostream>
using std::cout;

class Test {
public:
int x;
mutable int y;
Test() { x = 4; y = 10; }
};
int main()
{
        const Test t1;
        t1.y = 20;
        cout << t1.y;
        return 0;
}
```","Here is the translation from C++ to Rust.
```
struct Test {
    x: i32,
    y: i32,
}

impl Test {
    fn new() -> Self {
        Test { x: 4, y: 10 }
    }
}

fn main() {
    let mut t1 = Test::new();
    t1.y = 20;
    println!(""{}"", t1.y);
}
```"
"Translate the following C++ code to Rust, ensuring the result is idiomatic, safe, and efficient. Utilize Rust best practices such as ownership, borrowing, and error handling with Result where applicable. Optimize for performance while maintaining readability, following Rust's rustfmt conventions. Ensure the translated code is well-structured, properly indented, and free of unnecessary allocations:
```
/*
 * C++ Program to Implement a Class with Mutable Members
 */
#include <iostream>

class A {
    private:
        int i;
        mutable int j;
    public:
        A(int ii = 0, int jj = 1) : i(ii), j(jj) { }
        void change() const;
        void print();
};

void A::change() const
{
    // Mutable variable
    j++;
}

void A::print()
{
    std::cout << ""A::i = "" << i << std::endl
              << ""A::j = "" << j << std::endl;
}

int main()
{
    A a;

    std::cout << ""Before A::change()"" << std::endl;
    a.print();
    a.change();
    std::cout << ""After  A::change()"" << std::endl;
    a.print();
}
```","Here is the translation from C++ to Rust.
```
struct A {
    i: i32,
    j: i32,
}

impl A {
    fn new(ii: i32, jj: i32) -> Self {
        A { i: ii, j: jj }
    }

    fn change(&mut self) {
        // Mutable variable
        self.j += 1;
    }

    fn print(&self) {
        println!(""A::i = {}"", self.i);
        println!(""A::j = {}"", self.j);
    }
}

fn main() {
    let mut a = A::new(0, 1);

    println!(""Before A::change()"");
    a.print();
    a.change();
    println!(""After  A::change()"");
    a.print();
}
```"
"Translate the following C++ code to Rust, ensuring the result is idiomatic, safe, and efficient. Utilize Rust best practices such as ownership, borrowing, and error handling with Result where applicable. Optimize for performance while maintaining readability, following Rust's rustfmt conventions. Ensure the translated code is well-structured, properly indented, and free of unnecessary allocations:
```
#include <unordered_map>
#include <iostream>

struct FactorialHelper {
   // Overloaded call operator
   long long operator()(int n) {
      long long result = 1;

      // If cache contains factorial of n, then load it, else calculate it and store in cache
      if(cache.find(n) != cache.end()) {
         result = cache[n];
      } else {
         for(int i = 1; i <= n; ++i) {
            result *= i;
         }
         cache[n] = result;
      }
      return result;
   }
private:
   std::unordered_map<int, long long> cache;
};

int main() {
   FactorialHelper factorial;
   std::cout << factorial(5);
}
```","Here is the translation from C++ to Rust.
```
use std::collections::HashMap;

struct FactorialHelper {
    cache: HashMap<i32, i64>,
}

impl FactorialHelper {
    fn new() -> Self {
        FactorialHelper {
            cache: HashMap::new(),
        }
    }

    fn factorial(&mut self, n: i32) -> i64 {
        if let Some(&result) = self.cache.get(&n) {
            return result;
        }

        let mut result = 1;
        for i in 1..=n {
            result *= i as i64;
        }

        self.cache.insert(n, result);
        result
    }
}

fn main() {
    let mut factorial = FactorialHelper::new();
    println!(""{}"", factorial.factorial(5));
}
```"
"Translate the following C++ code to Rust, ensuring the result is idiomatic, safe, and efficient. Utilize Rust best practices such as ownership, borrowing, and error handling with Result where applicable. Optimize for performance while maintaining readability, following Rust's rustfmt conventions. Ensure the translated code is well-structured, properly indented, and free of unnecessary allocations:
```
#include <iostream>
#include <string>

class Counter {
public:
    Counter() : count(0) {}

    void increment() const {
        // This method is const, but count can still be modified due to 'mutable'
        count++;
    }

    int getCount() const {
        return count;
    }

private:
    mutable int count;  // 'mutable' allows modification even in const methods
};

int main() {
    Counter counter;
    counter.increment();
    counter.increment();

    std::cout << ""Counter: "" << counter.getCount() << std::endl;
    return 0;
}
```","Here is the translation from C++ to Rust.
```
struct Counter {
    count: i32,
}

impl Counter {
    fn new() -> Counter {
        Counter { count: 0 }
    }

    fn increment(&mut self) {
        self.count += 1;
    }

    fn get_count(&self) -> i32 {
        self.count
    }
}

fn main() {
    let mut counter = Counter::new();
    counter.increment();
    counter.increment();

    println!(""Counter: {}"", counter.get_count());
}
```"
"Translate the following C++ code to Rust, ensuring the result is idiomatic, safe, and efficient. Utilize Rust best practices such as ownership, borrowing, and error handling with Result where applicable. Optimize for performance while maintaining readability, following Rust's rustfmt conventions. Ensure the translated code is well-structured, properly indented, and free of unnecessary allocations:
```
#include <iostream>

using namespace std;
void test(int*, int*);
int main() {
        int a = 5, b = 5;
        cout << ""Before changing:"" << endl;
        cout << ""a = "" << a << endl;
        cout << ""b = "" << b << endl;

        test(&a, &b);

        cout << ""\nAfter changing"" << endl;
        cout << ""a = "" << a << endl;
        cout << ""b = "" << b << endl;
        return 0;
}

void test(int* n1, int* n2) {
        *n1 = 10;
        *n2 = 11;
}
```","Here is the translation from C++ to Rust.
```
fn main() {
    let mut a = 5;
    let mut b = 5;
    println!(""Before changing:"");
    println!(""a = {}"", a);
    println!(""b = {}"", b);

    test(&mut a, &mut b);

    println!(""
After changing"");
    println!(""a = {}"", a);
    println!(""b = {}"", b);
}

fn test(n1: &mut i32, n2: &mut i32) {
    *n1 = 10;
    *n2 = 11;
}
```"
"Translate the following C++ code to Rust, ensuring the result is idiomatic, safe, and efficient. Utilize Rust best practices such as ownership, borrowing, and error handling with Result where applicable. Optimize for performance while maintaining readability, following Rust's rustfmt conventions. Ensure the translated code is well-structured, properly indented, and free of unnecessary allocations:
```
#include <iostream>
using namespace std;

int main() {
   int number = 42;        // A normal integer variable
   int* ptr = &number;     // Pointer that holds the address of 'number'

   // Dereferencing to read the value
   cout << ""Original Value: "" << *ptr << endl;

   // Dereferencing to modify the value
   *ptr = 100;
   cout << ""Modified Value: "" << number << endl;
   return 0;
}
```","Here is the translation from C++ to Rust.
```
fn main() {
    let mut number = 42;        // A mutable integer variable
    let ptr = &mut number;      // Mutable pointer that holds the address of 'number'

    // Dereferencing to read the value
    println!(""Original Value: {}"", *ptr);  

    // Dereferencing to modify the value
    *ptr = 100;  
    println!(""Modified Value: {}"", number);  
}
```"
"Translate the following C++ code to Rust, ensuring the result is idiomatic, safe, and efficient. Utilize Rust best practices such as ownership, borrowing, and error handling with Result where applicable. Optimize for performance while maintaining readability, following Rust's rustfmt conventions. Ensure the translated code is well-structured, properly indented, and free of unnecessary allocations:
```
#include<bits/stdc++.h>  
using namespace std; 
  
// Driver code 
int main() 
{   
  // Input file stream object to  
  // read from file.txt 
  ifstream in(""file1.txt""); 
    
  // Output file stream object to  
  // write to file2.txt 
  ofstream f(""file2.txt""); 
      
  // Reading file.txt completely using  
  // END OF FILE eof() method 
  while(!in.eof()) 
  { 
    // string to extract line from  
    // file.txt 
    string text; 
        
    // extracting line from file.txt 
    getline(in, text); 
        
    // Writing the extracted line in  
    // file2.txt 
    f << text << endl; 
  } 
  return 0; 
}
```","Here is the translation from C++ to Rust.
```
use std::fs::File;
use std::io::{self, BufRead, BufReader, Write};

fn main() -> io::Result<()> {
    // Open the input file for reading
    let input_file = File::open(""file1.txt"")?;
    let reader = BufReader::new(input_file);

    // Open the output file for writing
    let mut output_file = File::create(""file2.txt"")?;

    // Read and write line by line
    for line in reader.lines() {
        writeln!(output_file, ""{}"", line?)?;
    }

    Ok(())
}
```"
"Translate the following C++ code to Rust, ensuring the result is idiomatic, safe, and efficient. Utilize Rust best practices such as ownership, borrowing, and error handling with Result where applicable. Optimize for performance while maintaining readability, following Rust's rustfmt conventions. Ensure the translated code is well-structured, properly indented, and free of unnecessary allocations:
```
#include<bits/stdc++.h>
using namespace std;
  
// User Defined Complex class
class Complex 
{ 
    // Declaring variables
    public: int real, imaginary;
  
    // Constructor to accept
    // real and imaginary part
    Complex(int tempReal = 0, 
            int tempImaginary = 0)
    {
        real = tempReal;
        imaginary = tempImaginary;
    }
  
    // Defining addComp() method
    // for adding two complex number
    Complex addComp(Complex C1, Complex C2)
    {
        // Creating temporary variable
        Complex temp;
  
        // Adding real part of 
        // complex numbers
        temp.real = C1.real + C2.real;
  
        // Adding Imaginary part of 
        // complex numbers
        temp.imaginary = (C1.imaginary + C2.imaginary);
  
        // Returning the sum
        return temp;
    }
};
  
// Driver code
int main()
{
    // First Complex number
    Complex C1(3, 2);
 
    // printing first complex number
    cout << ""Complex number 1 : "" << 
             C1.real << "" + i"" << 
             C1.imaginary << endl;
 
    // Second Complex number
    Complex C2(9, 5);
 
    // Printing second complex number
    cout << ""Complex number 2 : "" << 
             C2.real << "" + i"" << 
             C2.imaginary << endl;
 
    // For Storing the sum
    Complex C3;
 
    // Calling addComp() method
    C3 = C3.addComp(C1, C2);
 
    // Printing the sum
    cout << ""Sum of complex number : "" << 
             C3.real << "" + i"" << 
             C3.imaginary;
}
```","Here is the translation from C++ to Rust.
use std::fmt;

// Define a Complex struct
#[derive(Debug, Clone, Copy)]
struct Complex {
    real: i32,
    imaginary: i32,
}

impl Complex {
    // Constructor-like function for initialization
    fn new(real: i32, imaginary: i32) -> Self {
        Self { real, imaginary }
    }

    // Method to add two Complex numbers
    fn add(&self, other: &Complex) -> Complex {
        Complex {
            real: self.real + other.real,
            imaginary: self.imaginary + other.imaginary,
        }
    }
}

// Implement Display trait for pretty printing
impl fmt::Display for Complex {
    fn fmt(&self, f: &mut fmt::Formatter) -> fmt::Result {
        write!(f, ""{} + i{}"", self.real, self.imaginary)
    }
}

fn main() {
    // First complex number
    let c1 = Complex::new(3, 2);
    println!(""Complex number 1: {}"", c1);

    // Second complex number
    let c2 = Complex::new(9, 5);
    println!(""Complex number 2: {}"", c2);

    // Compute the sum
    let c3 = c1.add(&c2);
    println!(""Sum of complex numbers: {}"", c3);
}"
"Translate the following C++ code to Rust, ensuring the result is idiomatic, safe, and efficient. Utilize Rust best practices such as ownership, borrowing, and error handling with Result where applicable. Optimize for performance while maintaining readability, following Rust's rustfmt conventions. Ensure the translated code is well-structured, properly indented, and free of unnecessary allocations:
#include <iostream> 
using namespace std;
 
// Driver code
int main()
{
    // Change here to change output
    int n = 5;
    for (int i = 1; i <= 10; ++i)
        cout << n << "" * "" << i << "" = "" << n * i << endl;
    return 0;
}","Here is the translation from C++ to Rust.
```
fn main() {
    // Change here to change output
    let n = 5;

    // Iterate from 1 to 10 and print the multiplication table
    for i in 1..=10 {
        println!(""{} * {} = {}"", n, i, n * i);
    }
}
```"
"Translate the following C++ code to Rust, ensuring the result is idiomatic, safe, and efficient. Utilize Rust best practices such as ownership, borrowing, and error handling with Result where applicable. Optimize for performance while maintaining readability, following Rust's rustfmt conventions. Ensure the translated code is well-structured, properly indented, and free of unnecessary allocations:
```
#include <bits/stdc++.h> 
using namespace std;

int main() {
    char op;
    double a, b, res;

    // Read the operator
    cout << ""Enter an operator (+, -, *, /): "";
    cin >> op;

    // Read the two numbers
    cout << ""Enter two numbers: "";
    cin >> a >> b;

    // Define all four operations in the corresponding
    // switch-case
    switch (op) {
    case '+':
        res = a + b;
        break;
    case '-':
        res = a - b;
        break;
    case '*':
        res = a * b;
        break;
    case '/':
        res = a / b;
        break;
    default:
        cout << ""Error! Operator is not correct"";
        res = -DBL_MAX;
    }
    
      // Printing the result
    if (res != -DBL_MAX)
        cout << ""Result: "" << res;
    return 0;
}
```","Here is the translation from C++ to Rust.
```
use std::io;

fn main() {
    // Read operator
    println!(""Enter an operator (+, -, *, /): "");
    let mut op = String::new();
    io::stdin().read_line(&mut op).expect(""Failed to read input"");
    let op = op.trim().chars().next(); // Get first character

    // Read two numbers
    println!(""Enter two numbers: "");
    let mut input = String::new();
    io::stdin().read_line(&mut input).expect(""Failed to read input"");

    // Parse input numbers
    let nums: Vec<f64> = input
        .split_whitespace()
        .filter_map(|s| s.parse().ok())
        .collect();

    if nums.len() != 2 {
        println!(""Error! Please enter two valid numbers."");
        return;
    }

    let (a, b) = (nums[0], nums[1]);

    // Perform the operation
    let result = match op {
        Some('+') => Some(a + b),
        Some('-') => Some(a - b),
        Some('*') => Some(a * b),
        Some('/') => {
            if b != 0.0 {
                Some(a / b)
            } else {
                println!(""Error! Division by zero."");
                None
            }
        }
        _ => {
            println!(""Error! Operator is not correct."");
            None
        }
    };

    // Print result if valid
    if let Some(res) = result {
        println!(""Result: {}"", res);
    }
}
```"
"Translate the following C++ code to Rust, ensuring the result is idiomatic, safe, and efficient. Utilize Rust best practices such as ownership, borrowing, and error handling with Result where applicable. Optimize for performance while maintaining readability, following Rust's rustfmt conventions. Ensure the translated code is well-structured, properly indented, and free of unnecessary allocations:
```
#include <iostream> 
using namespace std; 
  
// Driver Code 
int main() 
{ 
    int i; 
  
    // Take input using cin 
    cin >> i; 
  
    // Print output 
    cout << i; 
  
    return 0; 
}
```","Here is the translation from C++ to Rust.
```
use std::io;

fn main() {
    // Create a mutable string to store input
    let mut input = String::new();

    // Read input from the user
    io::stdin().read_line(&mut input).expect(""Failed to read input"");

    // Parse input to an integer
    let i: i32 = match input.trim().parse() {
        Ok(num) => num,
        Err(_) => {
            println!(""Invalid input. Please enter a valid integer."");
            return;
        }
    };

    // Print the output
    println!(""{}"", i);
}
```"
"Translate the following C++ code to Rust, ensuring the result is idiomatic, safe, and efficient. Utilize Rust best practices such as ownership, borrowing, and error handling with Result where applicable. Optimize for performance while maintaining readability, following Rust's rustfmt conventions. Ensure the translated code is well-structured, properly indented, and free of unnecessary allocations:
```
#include <iostream>
using namespace std;
 
// Driver code
int main()
{
    // Declare the variables
    int num;
 
    // Input the integer
    cout << ""Enter the integer: "";
    cin >> num;
 
    // Display the integer
    cout << ""Entered integer is: "" << num;
 
    return 0;
}
```","Here is the translation from C++ to Rust.
```
use std::io;

fn main() {
    // Prompt the user for input
    println!(""Enter the integer: "");

    // Create a mutable string to store input
    let mut input = String::new();

    // Read input from the user
    io::stdin().read_line(&mut input).expect(""Failed to read input"");

    // Parse input to an integer
    let num: i32 = match input.trim().parse() {
        Ok(n) => n,
        Err(_) => {
            println!(""Invalid input. Please enter a valid integer."");
            return;
        }
    };

    // Display the entered integer
    println!(""Entered integer is: {}"", num);
}
```"
"Translate the following C++ code to Rust, ensuring the result is idiomatic, safe, and efficient. Utilize Rust best practices such as ownership, borrowing, and error handling with Result where applicable. Optimize for performance while maintaining readability, following Rust's rustfmt conventions. Ensure the translated code is well-structured, properly indented, and free of unnecessary allocations:
```
#include <vector>
#include <cstdio>

// Visits all elements of a vector vec and invokes the
// visitor for each item.

template <typename T, typename F>
void visit(std::vector<T> &vec, const F &visitor) {
    for (auto item : vec) {
        visitor(item);
    }
}

int main() {
    std::vector<int> vec = {0, 1, 2};

    // Calling visit to print each element of a vector.
    // The printing code is passed as a lambda function.
    visit(vec, [](int a) { printf(""%d\n"", a); });
    return 0;
}
```","Here is the translation from C++ to Rust.
```
fn visit<T, F>(vec: &Vec<T>, visitor: F)
where
    F: Fn(&T),
{
    for item in vec {
        visitor(item);
    }
}

fn main() {
    let vec = vec![0, 1, 2];

    // Calling visit to print each element of a vector.
    // The printing code is passed as a closure.
    visit(&vec, |a| println!(""{}"", a));
}
```
"
"Translate the following C++ code to Rust, ensuring the result is idiomatic, safe, and efficient. Utilize Rust best practices such as ownership, borrowing, and error handling with Result where applicable. Optimize for performance while maintaining readability, following Rust's rustfmt conventions. Ensure the translated code is well-structured, properly indented, and free of unnecessary allocations:
```
#include <cstdio>
#include <chrono>
#include <thread>
#include <future>

// Simulate a long computation
int long_computation(int x, int duration_seconds, const char identifier) {
    // Print a character to mark the progress of the computation.
    for (auto i = 0; i < duration_seconds * 10; ++i) {
        std::this_thread::sleep_for(std::chrono::milliseconds{100});
        printf(""%c"", identifier);
    }
    return 42 + x;
}

int main() {
    auto x = 5, y = 6;
    printf(""main thread   : x = %d, y = %d\n"", x, y);
    printf(""main thread   : launching lambda thread\n"");

    // Execute the lambda function in a separate thread.
    // The function returns a future.
    auto result_future = std::async(std::launch::async, [=]() {
                printf(""lambda thread : x = %d\n"", x);
                auto answer = long_computation(x, 6, 'l');
                printf(""\nlambda thread : long computation completed\n"");
                printf(""lambda thread : x = %d\n"", x);
                return answer;
    });

    // At this point main thread and lambda thread
    // are executing in parallel.
    x = 0;
    printf(""main thread   : x = %d, y = %d\n"", x, y);
    auto main_thread_result = long_computation(x, 3, 'm');
    printf(""\nmain thread   : long computation completed\n"");
    // Wait for the result from the lambda thread
    auto lambda_thread_result = result_future.get();
    printf(""main thread   : result = %d\n"", main_thread_result);
    printf(""lambda thread : result = %d\n"", lambda_thread_result);
}
```","Here is the translation from C++ to Rust.
```
use std::io::{self, Write};
use std::thread;
use std::time::Duration;

// Simulate a long computation
fn long_computation(x: i32, duration_seconds: u64, identifier: char) -> i32 {
    for _ in 0..(duration_seconds * 10) {
        thread::sleep(Duration::from_millis(100));
        print!(""{}"", identifier);
        io::stdout().flush().unwrap(); // Ensure immediate output
    }
    42 + x
}

fn main() {
    let mut x = 5;
    let y = 6;

    println!(""main thread   : x = {}, y = {}"", x, y);
    println!(""main thread   : launching lambda thread"");

    // Spawn a new thread to perform the long computation
    let lambda_thread = thread::spawn({
        let x = x; // Capture `x` by value for the lambda thread
        move || {
            println!(""lambda thread : x = {}"", x);
            let answer = long_computation(x, 6, 'l');
            println!(""\nlambda thread : long computation completed"");
            println!(""lambda thread : x = {}"", x);
            answer
        }
    });

    // Update `x` in the main thread and perform its own long computation
    x = 0;
    println!(""main thread   : x = {}, y = {}"", x, y);
    let main_thread_result = long_computation(x, 3, 'm');
    println!(""\nmain thread   : long computation completed"");

    // Wait for the lambda thread to finish and get the result
    match lambda_thread.join() {
        Ok(lambda_thread_result) => {
            println!(""main thread   : result = {}"", main_thread_result);
            println!(""lambda thread : result = {}"", lambda_thread_result);
        }
        Err(e) => {
            eprintln!(""Error joining lambda thread: {:?}"", e);
        }
    }
}
```

"
"Translate the following C++ code to Rust, ensuring the result is idiomatic, safe, and efficient. Utilize Rust best practices such as ownership, borrowing, and error handling with Result where applicable. Optimize for performance while maintaining readability, following Rust's rustfmt conventions. Ensure the translated code is well-structured, properly indented, and free of unnecessary allocations:
```
#include <iostream>
using namespace std;

void triangle(int tsize, char order)
{
    int i, j, k, l, m; //incrementing variables
    int space = 0; //variable to help with spacing
    if (tsize > 1 && tsize < 21)
    {
        int tester = tsize; //variable to help with spacing
        if (order == 'r')
        {
            for (i = 1; i <= (tsize); i++)
            {
                for (int j = 0; j < i; j++)
                {
                    cout << ""&"";
                }
                cout << endl;
            }
            for (k = 0; k < (tsize - 1); k++)
            {
                for (l = (tester - 2); l >= 0; l--)
                {
                    cout << ""&"";
                }
                tester--;
                cout << endl;
            }
        }
        else if (order == 'd')
        {
            for (i = 0; i < tsize; i++)
            {
                for (k = 0; k < space; k++)
                {
                    cout << "" "";
                }
                for (j = ((tester * 2) - 1); j > 0; j--)
                {
                    cout << ""&"";
                }
                cout << endl;
                tester--;
                space++;
            }
        }
        else if (order == 'u')
        {
            for (i = 0; i < tsize; i++)
            {
                for (space = (tester); space > 1; space--)
                {
                    cout << "" "";
                }
                for (j = 0; j <= i * 2; j++)
                {
                    cout << ""&"";
                }
                cout << endl;
                tester--;
            }
        }
        else if (order == 'l')
        {
            for (i = 1; i <= (tsize); i++)
            {
                for (space = (tester - 1); space >= 1; space--)
                {
                    cout << "" "";
                }
                for (j = 0; j < i; j++)
                {
                    cout << ""&"";
                }
                cout << endl;
                tester--;
            }
            tester = tsize;
            for (k = 0; k < (tsize - 1); k++)
            {
                for (m = 0; m <= space; m++)
                {
                    cout << "" "";
                }
                for (l = (tester - 2); l >= 0; l--)
                {
                    cout << ""&"";
                }
                tester--;
                cout << endl;
                space++;
            }
        }
        else
        {
            cout << ""Error: Enter 'r,d,l,u' only"" << endl;
        }
    }
    else
        cout << ""Error: Size between 2 and 20 only"" << endl;
}

int main()
{
    int tsize;  //variable to find out the size of triangle
    char order; //character to find out the orientation
    cout << ""Triangle size: "";
    cin >> tsize;
    cout << ""Triangle orientation [r, d, u, l]: "";
    cin >> order;
    triangle(tsize, order);
    return 0;
}
```","Here is the translation from C++ to Rust.

use std::io::{self, Write};

fn draw_triangle(tsize: usize, order: char) -> Result<(), String> {
    if tsize < 2 || tsize > 20 {
        return Err(""Error: Size must be between 2 and 20"".to_string());
    }

    println!(); // Add an extra newline at the top for spacing

    match order {
        'r' => {
            for i in 1..=tsize {
                println!("" {}"", ""&"".repeat(i));
            }
            for i in (1..tsize).rev() {
                println!("" {}"", ""&"".repeat(i));
            }
        }
        'd' => {
            let mut space = 0;
            let mut tester = tsize;
            for _ in 0..tsize {
                let spaces = "" "".repeat(space + 1);
                let symbols = ""&"".repeat(tester * 2 - 1);
                println!(""{}{}"", spaces, symbols);
                space += 1;
                tester -= 1;
            }
        }
        'u' => {
            let mut tester = tsize;
            for i in 0..tsize {
                let spaces = "" "".repeat(tester);
                let symbols = ""&"".repeat(i * 2 + 1);
                println!(""{}{}"", spaces, symbols);
                tester -= 1;
            }
        }
        'l' => {
            let mut tester = tsize;
            for i in 1..=tsize {
                let spaces = "" "".repeat(tester);
                let symbols = ""&"".repeat(i);
                println!(""{}{}"", spaces, symbols);
                tester -= 1;
            }
            tester = tsize;
            let mut space = 0;
            for _ in 1..tsize {
                let spaces = "" "".repeat(space + 2);
                let symbols = ""&"".repeat(tester - 2);
                println!(""{}{}"", spaces, symbols);
                tester -= 1;
                space += 1;
            }
        }
        _ => {
            return Err(""Error: Enter 'r', 'd', 'u', or 'l' only"".to_string());
        }
    }

    println!(); // Add an extra newline at the bottom for spacing
    Ok(())
}

fn main() {
    let mut input = String::new();

    print!(""Triangle size: "");
    io::stdout().flush().unwrap();
    io::stdin().read_line(&mut input).unwrap();
    let tsize: usize = match input.trim().parse() {
        Ok(num) => num,
        Err(_) => {
            eprintln!(""Error: Please enter a valid number."");
            return;
        }
    };

    input.clear();
    print!(""Triangle orientation [r, d, u, l]: "");
    io::stdout().flush().unwrap();
    io::stdin().read_line(&mut input).unwrap();
    let order = input.trim().chars().next().unwrap_or(' ');

    if let Err(e) = draw_triangle(tsize, order) {
        eprintln!(""{}"", e);
    }
}"
"Translate the following C++ code to Rust, ensuring the result is idiomatic, safe, and efficient. Utilize Rust best practices such as ownership, borrowing, and error handling with Result where applicable. Optimize for performance while maintaining readability, following Rust's rustfmt conventions. Ensure the translated code is well-structured, properly indented, and free of unnecessary allocations:
```
#include <iostream>
using namespace std;

int main()
{
  // C++ allows for the initialization of arrays.  In the following,
  // we are initializing a 10x2 integer array. After initialization,
  // sqrs[0][0] = 1
  // sqrs[0][1] = 1
  // sqrs[1][0] = 2
  // sqrs[1][1] = 4
  // and so on
  //sqrs[row][column]
  int sqrs[10][2] = {
      {1, 1},
      {2, 4}, // The square of 2 is 4,and so on
      {3, 9},
      {4, 16},
      {5, 25},
      {6, 36},
      {7, 49},
      {8, 64},
      {9, 81},
      {10, 100}};

  int i, j;

  cout << ""Enter a number between 1 and 10: "";
  cin >> i;

  // look up i
  for (j = 0; j < 10; j++)
    if (sqrs[j][0] == i)
      break; // break from loop if i is found
  cout << ""The square of "" << i << "" is "";
  cout << sqrs[j][1] << endl;

  return 0;
}```","Here is the translation from C++ to Rust.
```
use std::io;

fn main() {
    // Initialize a 10x2 array using a fixed-size array in Rust
    let sqrs: [[i32; 2]; 10] = [
        [1, 1],
        [2, 4],
        [3, 9],
        [4, 16],
        [5, 25],
        [6, 36],
        [7, 49],
        [8, 64],
        [9, 81],
        [10, 100],
    ];

    // Prompt user for input
    println!(""Enter a number between 1 and 10:"");

    let mut input = String::new();
    io::stdin()
        .read_line(&mut input)
        .expect(""Failed to read input"");

    // Parse the input to an integer
    let i: i32 = match input.trim().parse() {
        Ok(num) if (1..=10).contains(&num) => num,
        _ => {
            eprintln!(""Invalid input. Please enter a number between 1 and 10."");
            return;
        }
    };

    // Find the corresponding square
    let result = sqrs.iter().find(|&&pair| pair[0] == i);

    match result {
        Some(&[_, square]) => println!(""The square of {} is {}"", i, square),
        _ => eprintln!(""Error: Number not found.""),
    }
}
```"
"Translate the following C++ code to Rust, ensuring the result is idiomatic, safe, and efficient. Utilize Rust best practices such as ownership, borrowing, and error handling with Result where applicable. Optimize for performance while maintaining readability, following Rust's rustfmt conventions. Ensure the translated code is well-structured, properly indented, and free of unnecessary allocations:
```
#include <iostream>
using namespace std;

class figure
{
protected:
  double x, y;

public:
  void set_dim(double i, double j = 0)
  {
    x = i;
    y = j;
  }
  virtual void show_area()
  {
    cout << ""No area computation defined "";
    cout << ""for this class.\n"";
  }
};

class triangle : public figure
{
public:
  void show_area()
  {
    cout << ""Triangle with height "";
    cout << x << "" and base "" << y;
    cout << "" has an area of "";
    cout << x * 0.5 * y << "".\n"";
  }
};

class square : public figure
{
public:
  void show_area()
  {
    cout << ""Square with dimensions "";
    cout << x << ""x"" << y;
    cout << "" has an area of "";
    cout << x * y << "".\n"";
  }
};
class circle : public figure
{
public:
  void show_area()
  {
    cout << ""Circle with radius "";
    cout << x;
    cout << "" has an area of "";
    cout << 3.14 * x * x << "".\n"";
  }
};

int main()
{
  figure *p; // create a pointer to base type

  triangle t; // create objects of derived types
  square s;
  circle c;

  p = &t;
  p->set_dim(10.0, 5.0);
  p->show_area();

  p = &s;
  p->set_dim(10.0, 5.0);
  p->show_area();

  p = &c;
  p->set_dim(9.0);
  p->show_area();

  return 0;
}
```","Here is the translation from C++ to Rust:
```
// Define a trait for figures that provides the `show_area` method
trait Figure {
    fn set_dim(&mut self, x: f64, y: f64);
    fn show_area(&self);
}

// Struct for representing a triangle
struct Triangle {
    height: f64,
    base: f64,
}

// Struct for representing a square (with distinct dimensions)
struct Square {
    length: f64,
    width: f64,
}

// Struct for representing a circle
struct Circle {
    radius: f64,
}

impl Figure for Triangle {
    fn set_dim(&mut self, x: f64, y: f64) {
        self.height = x;
        self.base = y;
    }

    fn show_area(&self) {
        let area = 0.5 * self.height * self.base;
        println!(
            ""Triangle with height {} and base {} has an area of {}."",
            self.height, self.base, area
        );
    }
}

impl Figure for Square {
    fn set_dim(&mut self, x: f64, y: f64) {
        self.length = x;
        self.width = y;
    }

    fn show_area(&self) {
        let area = self.length * self.width;
        println!(
            ""Square with dimensions {}x{} has an area of {}."",
            self.length, self.width, area
        );
    }
}

impl Figure for Circle {
    fn set_dim(&mut self, x: f64, _y: f64) {
        self.radius = x;
    }

    fn show_area(&self) {
        let area = 3.14 * self.radius * self.radius;
        println!(""Circle with radius {} has an area of {}."", self.radius, area);
    }
}

fn main() {
    let mut t = Triangle { height: 0.0, base: 0.0 };
    let mut s = Square { length: 0.0, width: 0.0 };
    let mut c = Circle { radius: 0.0 };

    // Create a vector of trait objects, allowing polymorphic behavior
    let mut figures: Vec<Box<dyn Figure>> = Vec::new();

    // Add different types to the vector
    figures.push(Box::new(t));
    figures.push(Box::new(s));
    figures.push(Box::new(c));

    // Set dimensions and show areas for each figure
    for figure in figures.iter_mut() {
        figure.set_dim(10.0, 5.0);
        figure.show_area();
    }
}```
"
"Translate the following C++ code to Rust, ensuring the result is idiomatic, safe, and efficient. Utilize Rust best practices such as ownership, borrowing, and error handling with Result where applicable. Optimize for performance while maintaining readability, following Rust's rustfmt conventions. Ensure the translated code is well-structured, properly indented, and free of unnecessary allocations:
```
#include <iostream>
// <cstdlib> is needed in order to use the rand().
// For older compilers, use <stdlib.h>
#include <stdlib.h>
using namespace std;

int main()
{
  int magic; // magic number
  int guess; // user's guess

  cout << ""I will come up with a magic number between 0 and 9 "";
  cout << ""and ask you to guess it."" << endl;

  magic = rand() % 10; // get a random number between 0 and 9

  cout << ""Enter your guess: "";
  cin >> guess;

  while (guess != magic) // as long as guess is incorrect
  {
    if (guess > magic)
    {
      cout << ""Too big! Guess again..."" << endl;
    }
    else // guess is less than magic
    {
      cout << ""Too small! Guess again..."" << endl;
    }
    cin >> guess;
  }
  cout << ""You are RIGHT!"" << endl;
  ;
  return 0;
}
```","Here is the translation from C++ to Rust.
```
use rand::Rng;  // For generating random numbers
use std::io;    // For reading user input

fn main() {
    let magic = rand::thread_rng().gen_range(0..10); // Generate a random number between 0 and 9
    let mut guess = String::new();

    println!(""I will come up with a magic number between 0 and 9 and ask you to guess it."");

    loop {
        println!(""Enter your guess: "");
        
        // Clear the guess variable and read user input
        guess.clear();
        io::stdin().read_line(&mut guess).expect(""Failed to read input"");

        // Convert input to an integer
        match guess.trim().parse::<i32>() {
            Ok(num) => {
                if num == magic {
                    println!(""You are RIGHT!"");
                    break;
                } else if num > magic {
                    println!(""Too big! Guess again..."");
                } else {
                    println!(""Too small! Guess again..."");
                }
            }
            Err(_) => {
                println!(""Please enter a valid number!"");
            }
        }
    }
}
```"
"Translate the following C++ code to Rust, ensuring the result is idiomatic, safe, and efficient. Utilize Rust best practices such as ownership, borrowing, and error handling with Result where applicable. Optimize for performance while maintaining readability, following Rust's rustfmt conventions. Ensure the translated code is well-structured, properly indented, and free of unnecessary allocations:
```
#include <iostream>
#include <stdlib.h>

using namespace std;

void calculateGPA();
void calculateCGPA();
void method();

int main()
{
    system(""cls"");
    int input;
    cout<<""--------------------------------------------------------------------------""<<endl;
    cout<<""                    GPA & CGPA Calculator            ""<<endl;
    cout<<""--------------------------------------------------------------------------\n""<<endl;
    cout<<""            MENU:""<<endl;
    cout<<""                   1. Calculate GPA (Grade Point Average)""<<endl;
    cout<<""                   2. Calculate CGPA (Cummulative Grade Point Average)""<<endl;
    cout<<""                   3. Method that is applied here for calclating GPA & CGPA""<<endl;
    cout<<""                   4. Exit Application""<<endl;
    cout<<""--------------------------------------------------------------------------""<<endl;
    sub:
    cout<<""Enter your choice: "";
    cin>>input;
    switch(input)
    {
        case 1:
                calculateGPA();
                break;

        case 2:
                calculateCGPA();
                break;
        case 3:
                method();
                break;
        case 4:
                exit(EXIT_SUCCESS);
                break;
        default:
            cout<<""You have entered wrong input.Try again!\n""<<endl;
            goto sub;
            break;
    }
}

void calculateGPA()
{
    int q;
    system(""cls"");
    cout<<""-------------- GPA Calculating -----------------""<<endl;
    cout<<"" How many subject's points do you want to calculate? : "";
    cin>>q;

    float credit [q];
    float point [q];

    cout<<endl;
    for(int i=0;i<q;i++)
    {
        cout<<""Enter the credit for the subject ""<<i+1<<"": "";
        cin>>credit[i];
        cout<<endl;
        cout<<""Enter the point of the subject ""<<i+1<<"": "";
        cin>>point[i];
        cout<<""-----------------------------------\n\n""<<endl;
    }

    float sum=0;
    float tot;
    for(int j=0;j<q;j++)
    {
        tot=credit[j]*point[j];
        sum=sum+tot;
    }

    float totCr=0;
    for(int k=0;k<q;k++)
    {
        totCr=totCr+credit[k];
    }

    cout<<""\n\n\nTotal Points: ""<<sum<<"" . Total Credits: ""<<totCr<<"" .Total GPA: ""<<sum/totCr<<"" .""<<endl;


    sub:
    int inmenu;
    cout<<""\n\n\n1. Calculate Again""<<endl;
    cout<<""2. Go Back to Main Menu""<<endl;
    cout<<""3. Exit This App \n\n""<<endl;
    cout<<""Your Input: ""<<endl;
    cin>>inmenu;

    switch(inmenu)
    {
        case 1:
                calculateGPA();
                break;
        case 2:
                main();
                break;
        case 3:
                exit(EXIT_SUCCESS);

        default:
              cout<<""\n\nYou have Entered Wrong Input!Please Choose Again!""<<endl;
              goto sub;
    }
}
void calculateCGPA()
{
    system(""cls"");
    int l;
    cout<<""-------------- CGPA Calculating -----------------\n\n""<<endl;
    cout<<""How many semester results do you want input? :"";
    cin>>l;
    cout<<""\n\n""<<endl;
    float semrs[l];
    int i;

    for(i=0;i<l;i++)
    {
        cout<<"" Enter Semester ""<<i+1<<"" Result(GPA): "";
        cin>>semrs[i];
        cout<<""\n""<<endl;
    }

    float semtot=0;
    for(int j=0;j<l;j++)
    {
        semtot=semtot+semrs[j];
    }

    cout<<""******** Your CGPA is ""<<semtot/l<<"" **********""<<endl;


    sub:
    int inmenu;
    cout<<""\n\n\n1. Calculate Again""<<endl;
    cout<<""2. Go Back to Main Menu""<<endl;
    cout<<""3. Exit This App \n\n""<<endl;
    cout<<""Your Input: ""<<endl;
    cin>>inmenu;

    switch(inmenu)
    {
        case 1:
                calculateCGPA();
                break;
        case 2:
                main();
                break;
        case 3:
                exit(EXIT_SUCCESS);

        default:
              cout<<""\n\nYou have Entered Wrong Input!Please Choose Again!""<<endl;
              goto sub;
    }

}

void method()
{
    system(""cls"");
    cout<<""--------------- Method of Calculating GPA & CGPA ---------------\n\n""<<endl;
    cout<<"" GPA= Sum of (Credit*Point) / total of credits \n""<<endl;
    cout<<"" CGPA=  Sum of GPA / number of semesters ""<<endl;
    cout<<""-----------------------------------------------------------------\n\n""<<endl;

    sub:
    int inmenu;
    cout<<""1. Go Back to Main Menu""<<endl;
    cout<<""2. Exit This App \n\n""<<endl;
    cout<<""Your Input: ""<<endl;
    cin>>inmenu;

    switch(inmenu)
    {
        case 1:
                main();
                break;
        case 2:
                exit(EXIT_SUCCESS);

        default:
              cout<<""\n\nYou have Entered Wrong Input!Please Choose Again!""<<endl;
              goto sub;
    }
};
```","Here is the translation from C++ to Rust.
```
use std::io::{self, Write};

fn main() {
    loop {
        clear_screen();
        println!(""--------------------------------------------------------------------------"");
        println!(""                    GPA & CGPA Calculator            "");
        println!(""--------------------------------------------------------------------------"");
        println!(""            MENU:"");
        println!(""                   1. Calculate GPA (Grade Point Average)"");
        println!(""                   2. Calculate CGPA (Cumulative Grade Point Average)"");
        println!(""                   3. Method that is applied here for calculating GPA & CGPA"");
        println!(""                   4. Exit Application"");
        println!(""--------------------------------------------------------------------------"");

        let choice = get_input(""Enter your choice: "");
        match choice {
            1 => calculate_gpa(),
            2 => calculate_cgpa(),
            3 => method(),
            4 => break, // Exit the application
            _ => println!(""You have entered wrong input. Try again!""),
        }
    }
}

fn clear_screen() {
    // Clears the screen for a cleaner interface
    print!(""{esc}[2J{esc}[1;1H"", esc = 27 as char);
    io::stdout().flush().unwrap();
}

fn get_input(prompt: &str) -> i32 {
    let mut input = String::new();
    println!(""{}"", prompt);
    io::stdout().flush().unwrap();
    io::stdin().read_line(&mut input).unwrap();
    input.trim().parse().unwrap_or(0)
}

fn calculate_gpa() {
    clear_screen();
    println!(""-------------- GPA Calculating -----------------"");

    let num_subjects = get_input(""How many subject's points do you want to calculate? : "");
    
    let mut credits = Vec::with_capacity(num_subjects as usize);
    let mut points = Vec::with_capacity(num_subjects as usize);

    for i in 0..num_subjects {
        let credit = get_input(&format!(""Enter the credit for subject {}: "", i + 1));
        let point = get_input(&format!(""Enter the point for subject {}: "", i + 1));
        credits.push(credit as f32);
        points.push(point as f32);
        println!(""-----------------------------------\n"");
    }

    let total_points: f32 = credits.iter().zip(&points)
        .map(|(credit, point)| credit * point)
        .sum();
    let total_credits: f32 = credits.iter().sum();

    println!(""\n\n\nTotal Points: {} . Total Credits: {} . Total GPA: {} ."", total_points, total_credits, total_points / total_credits);

    let input = get_input(""\n1. Calculate Again\n2. Go Back to Main Menu\n3. Exit This App\n\nYour Input: "");
    match input {
        1 => calculate_gpa(),
        2 => main(),
        3 => return, // Exit this function
        _ => println!(""\n\nYou have entered wrong input! Please choose again!""),
    }
}

fn calculate_cgpa() {
    clear_screen();
    println!(""-------------- CGPA Calculating -----------------"");

    let num_semesters = get_input(""How many semester results do you want to input? : "");
    
    let mut gpas = Vec::with_capacity(num_semesters as usize);
    for i in 0..num_semesters {
        let gpa = get_input(&format!(""Enter GPA for semester {}: "", i + 1));
        gpas.push(gpa as f32);
        println!(""\n"");
    }

    let total_gpa: f32 = gpas.iter().sum();
    println!(""******** Your CGPA is {} **********"", total_gpa / num_semesters as f32);

    let input = get_input(""\n1. Calculate Again\n2. Go Back to Main Menu\n3. Exit This App\n\nYour Input: "");
    match input {
        1 => calculate_cgpa(),
        2 => main(),
        3 => return, // Exit this function
        _ => println!(""\n\nYou have entered wrong input! Please choose again!""),
    }
}

fn method() {
    clear_screen();
    println!(""--------------- Method of Calculating GPA & CGPA ---------------"");
    println!("" GPA = Sum of (Credit * Point) / total of credits"");
    println!("" CGPA = Sum of GPA / number of semesters "");
    println!(""-----------------------------------------------------------------"");

    let input = get_input(""1. Go Back to Main Menu\n2. Exit This App\n\nYour Input: "");
    match input {
        1 => main(),
        2 => return, // Exit this function
        _ => println!(""\n\nYou have entered wrong input! Please choose again!""),
    }
}
```"
"Translate the following C++ code to Rust, ensuring the result is idiomatic, safe, and efficient. Utilize Rust best practices such as ownership, borrowing, and error handling with Result where applicable. Optimize for performance while maintaining readability, following Rust's rustfmt conventions. Ensure the translated code is well-structured, properly indented, and free of unnecessary allocations:
```
#include <iostream>
using namespace std;

int main()
{
   int i, x;
   char str[100];

   cout << ""Please enter a string:\t"";
   cin >> str;

   cout << ""\nPlease choose following options:\n"";
   cout << ""1 = Encrypt the string.\n"";
   cout << ""2 = Decrypt the string.\n"";
   cin >> x;

   //using switch case statements
   switch(x)
   {
      //first case for encrypting a string
      case 1:
         for(i = 0; (i < 100 && str[i] != '\0'); i++)
            str[i] = str[i] + 2; //the key for encryption is 3 that is added to ASCII value

         cout << ""\nEncrypted string: "" << str << endl;
         break;

      //second case for decrypting a string
      case 2:
         for(i = 0; (i < 100 && str[i] != '\0'); i++)
         str[i] = str[i] - 2; //the key for encryption is 3 that is subtracted to ASCII value

      cout << ""\nDecrypted string: "" << str << endl;
      break;

      default:
         cout << ""\nInvalid Input !!!\n"";
   }
   return 0;
}
```","Here is the translation from C++ to Rust.
```
use std::io::{self, Write};

fn main() -> io::Result<()> {
    let mut input = String::new();

    // Prompt the user to enter a string
    print!(""Please enter a string: "");
    io::stdout().flush()?;
    io::stdin().read_line(&mut input)?;

    let input = input.trim(); // Remove any trailing newlines or spaces

    let mut choice = String::new();
    println!(""\nPlease choose the following options:"");
    println!(""1 = Encrypt the string."");
    println!(""2 = Decrypt the string."");
    
    io::stdout().flush()?;
    io::stdin().read_line(&mut choice)?;

    let choice: i32 = match choice.trim().parse() {
        Ok(num) => num,
        Err(_) => {
            println!(""\nInvalid Input !!!"");
            return Ok(());
        }
    };

    match choice {
        1 => {
            let encrypted = encrypt(input);
            println!(""\nEncrypted string: {}"", encrypted);
        }
        2 => {
            let decrypted = decrypt(input);
            println!(""\nDecrypted string: {}"", decrypted);
        }
        _ => {
            println!(""\nInvalid Input !!!"");
        }
    }

    Ok(())
}

// Function to encrypt the string
fn encrypt(input: &str) -> String {
    input.chars().map(|c| (c as u8 + 2) as char).collect()
}

// Function to decrypt the string
fn decrypt(input: &str) -> String {
    input.chars().map(|c| (c as u8 - 2) as char).collect()
}
```"
"Translate the following C++ code to Rust, ensuring the result is idiomatic, safe, and efficient. Utilize Rust best practices such as ownership, borrowing, and error handling with Result where applicable. Optimize for performance while maintaining readability, following Rust's rustfmt conventions. Ensure the translated code is well-structured, properly indented, and free of unnecessary allocations:
#include <iostream>
using namespace std;
int main()
{
    int attemp = 1,ans,guess=0,_won=0,h=100,l=0;
    srand(time(0));
    ans = rand() % 100;
    cout<<""**** PLEASE READ INSTRUCTION ****""<<endl<<endl;
    cout << ""NemoNet will generate""<<endl<<""any random number between 0-100""<<endl;
    cout<<""you have to guess the number""<<endl<<""you have 5 attempts / chanses to guess""<<endl<<endl;
    cout<<""After each wrong guess NemoNet will tell you""<<endl<<""Your guess is HIGH or LOW""<<endl;
    cout<<"" BEST OF LUCK""<<endl;
while(attemp <= 5)
{
cout<<endl<<""attempts no. :- ""<<attemp<<endl;
cout<<""enter the guess between 0 - 100 ""<<endl;
cin>>guess;
if(guess < 0 || guess > 100){
  cout<<""INVALID GUESS!!""<<endl;
  continue;
}
else if(guess == ans){
   cout<<""CONGRATULATIONS YOU WON!! your guess ""<<guess<<"" is correct""<<endl;
   _won = 1;
   break;
   }
else if(guess < ans){
  cout<<""*** Your guess ""<<guess<<"" * LOW * ""<<endl;
  l = guess;
}
else{
  cout<<""*** Your guess ""<<guess<<""  * HIGH * ""<<endl;
  h = guess;
}
cout<<""*Number is between ""<<l<<"" ---to---> ""<<h<<endl;
attemp++;
}//loop end
cout<<""\n"";
if(_won){
  cout<<""THANKS FOR PLAYING!!""<<endl; 
}
else{
  cout<<""Sorry you lost! correct answer is: ""<<ans<<endl<<""please play again""<<endl;
}
cout<<""\n\n"";

}
","Here is the translation from C++ to Rust.
```
use rand::Rng;
use std::io::{self, Write};

fn main() -> io::Result<()> {
    let mut attempts = 1;
    let mut guess = 0;
    let mut _won = false;
    let mut high = 100;
    let mut low = 0;
    
    let mut rng = rand::thread_rng();
    let answer = rng.gen_range(0..=100);

    println!(""**** PLEASE READ INSTRUCTION ****\n"");
    println!(""NemoNet will generate a random number between 0-100"");
    println!(""You have to guess the number."");
    println!(""You have 5 attempts/chances to guess."");
    println!(""\nAfter each wrong guess, NemoNet will tell you"");
    println!(""whether your guess is HIGH or LOW."");
    println!(""BEST OF LUCK\n"");

    while attempts <= 5 {
        print!(""\nAttempt no. {}: "", attempts);
        io::stdout().flush()?;
        
        let mut input = String::new();
        io::stdin().read_line(&mut input)?;

        // Parse the guess input
        match input.trim().parse::<i32>() {
            Ok(num) if num >= 0 && num <= 100 => {
                guess = num;
                
                if guess == answer {
                    println!(""CONGRATULATIONS YOU WON! Your guess {} is correct"", guess);
                    _won = true;
                    break;
                } else if guess < answer {
                    println!(""*** Your guess {} is *LOW* ***"", guess);
                    low = guess;
                } else {
                    println!(""*** Your guess {} is *HIGH* ***"", guess);
                    high = guess;
                }
                println!(""*Number is between {} ---to---> {}"", low, high);
            }
            _ => {
                println!(""INVALID GUESS!! Please enter a number between 0 and 100."");
                continue;
            }
        }

        attempts += 1;
    }

    println!(""\n"");

    if _won {
        println!(""THANKS FOR PLAYING!"");
    } else {
        println!(""Sorry, you lost! The correct answer was: {}"", answer);
        println!(""Please play again."");
    }

    println!(""\n\n"");

    Ok(())
}
```"
"Translate the following C++ code to Rust, ensuring the result is idiomatic, safe, and efficient. Utilize Rust best practices such as ownership, borrowing, and error handling with Result where applicable. Optimize for performance while maintaining readability, following Rust's rustfmt conventions. Ensure the translated code is well-structured, properly indented, and free of unnecessary allocations:
```
#include <iostream>
#include <vector>
#include <algorithm>
#include <ostream>
#include <iterator>
#include <string>

#pragma region Helper functions
template<typename Container, typename Iterator = typename Container::iterator>
void print_container(Container container)
{
        std::copy(container.begin(), container.end(),
                std::ostream_iterator<typename Container::value_type>(std::cout, "" ""));
        std::cout << std::endl;
}
template<typename T>
void print_vector(std::vector<T> data, std::string info_text = """", bool with_new_line = true)
{
        if (!info_text.empty()) std::cout << info_text.c_str();
        /* Print path vector to console */
        std::copy(data.begin(), data.end(), 
                std::ostream_iterator<int>(std::cout, "" ""));
        if (with_new_line) std::cout << std::endl;
}
#pragma endregion

using contact = std::tuple<std::string, std::string, std::string>;
using contacts = std::vector<contact>;

contacts demo_contacts = 
{
        {""Javon"", ""Bernard"", ""555-667-2345""},
        {""Kiana"", ""Lester"", ""234-745-4534""},
        {""Lia"", ""Baldwin"", ""546-234-7578""},
        {""Ryleigh"", ""Liu"", ""094-242-7745""},
        {""Shea"", ""Gibbs"", ""251-647-8941""},
        {""Sabrina"", ""Galvan"", ""345-798-3168""},
        {""Glenn"", ""Henry"", ""654-984-8664""},
        {""Lucia"", ""Wright"", ""134-798-6464""},
        {""Annika"", ""Carr"", ""461-641-7497""},
        {""Bruno"", ""Frank"", ""465-065-4610""}
};

inline std::ostream& operator<<(std::ostream& output, const contact &person)
{
        output << std::get<1>(person) << "", "" << std::get<0>(person) 
                << "": "" << std::get<2>(person);
        return output;
}

bool compare_by_first_name(const contact& first, const contact &second)
{
        return std::get<0>(first) < std::get<0>(second);
}

bool compare_by_last_name(const contact& first, const contact& second)
{
        return std::get<1>(first) < std::get<1>(second);
}

bool compare_by_phone_number(const contact& first, const contact& second)
{
        return std::get<2>(first) < std::get<2>(second);
}

void print_contacts(const contacts& list)
{
        std::for_each(list.begin(), list.end(),
                [](const contact& contact)
        {
                std::cout << contact << std::endl;
        });
}

int main(int argc, char* argv[])
{
        std::cout << ""Sort by first name..."" << std::endl;
        std::sort(demo_contacts.begin(), demo_contacts.end(), compare_by_first_name);
        print_contacts(demo_contacts);
        std::cout << std::endl;
        
        std::cout << ""Sort by last name..."" << std::endl;
        std::sort(demo_contacts.begin(), demo_contacts.end(), compare_by_last_name);
        print_contacts(demo_contacts);
        std::cout << std::endl;

        std::cout << ""Sort by phone number..."" << std::endl;
        std::sort(demo_contacts.begin(), demo_contacts.end(), compare_by_phone_number);
        print_contacts(demo_contacts);
        std::cout << std::endl;

        std::cout << ""Searching for people..."" << std::endl;
        std::vector<contact> people_with_b;
        std::copy_if(demo_contacts.begin(), demo_contacts.end(), 
                std::back_inserter(people_with_b), [](const contact& person)
        {
                auto first_name = std::get<0>(person);
                return first_name.find('L') != std::string::npos;
        });

        print_contacts(people_with_b);

        return 0;
}
```","Here is the translation from C++ to Rust.
```
use std::cmp::Ordering;
use std::fmt::{self, Display};
use std::vec::Vec;

#[derive(Debug, Clone)]
struct Contact {
    first_name: String,
    last_name: String,
    phone_number: String,
}

impl Contact {
    fn new(first_name: &str, last_name: &str, phone_number: &str) -> Self {
        Contact {
            first_name: first_name.to_string(),
            last_name: last_name.to_string(),
            phone_number: phone_number.to_string(),
        }
    }
}

// Implement Display to customize the output format of Contact
impl Display for Contact {
    fn fmt(&self, f: &mut fmt::Formatter<'_>) -> fmt::Result {
        write!(
            f,
            ""{}, {}: {}"",
            self.last_name, self.first_name, self.phone_number
        )
    }
}

// Comparison functions for sorting by first name, last name, and phone number
fn compare_by_first_name(a: &Contact, b: &Contact) -> Ordering {
    a.first_name.cmp(&b.first_name)
}

fn compare_by_last_name(a: &Contact, b: &Contact) -> Ordering {
    a.last_name.cmp(&b.last_name)
}

fn compare_by_phone_number(a: &Contact, b: &Contact) -> Ordering {
    a.phone_number.cmp(&b.phone_number)
}

// Function to print a vector of contacts
fn print_contacts(contacts: &[Contact]) {
    for contact in contacts {
        println!(""{}"", contact);
    }
}

fn main() {
    let mut demo_contacts: Vec<Contact> = vec![
        Contact::new(""Javon"", ""Bernard"", ""555-667-2345""),
        Contact::new(""Kiana"", ""Lester"", ""234-745-4534""),
        Contact::new(""Lia"", ""Baldwin"", ""546-234-7578""),
        Contact::new(""Ryleigh"", ""Liu"", ""094-242-7745""),
        Contact::new(""Shea"", ""Gibbs"", ""251-647-8941""),
        Contact::new(""Sabrina"", ""Galvan"", ""345-798-3168""),
        Contact::new(""Glenn"", ""Henry"", ""654-984-8664""),
        Contact::new(""Lucia"", ""Wright"", ""134-798-6464""),
        Contact::new(""Annika"", ""Carr"", ""461-641-7497""),
        Contact::new(""Bruno"", ""Frank"", ""465-065-4610""),
    ];

    // Sort by first name
    println!(""Sort by first name..."");
    demo_contacts.sort_by(compare_by_first_name);
    print_contacts(&demo_contacts);
    println!();

    // Sort by last name
    println!(""Sort by last name..."");
    demo_contacts.sort_by(compare_by_last_name);
    print_contacts(&demo_contacts);
    println!();

    // Sort by phone number
    println!(""Sort by phone number..."");
    demo_contacts.sort_by(compare_by_phone_number);
    print_contacts(&demo_contacts);
    println!();

    // Searching for people with 'L' in their first name
    println!(""Searching for people..."");
    let people_with_l: Vec<Contact> = demo_contacts
        .iter()
        .filter(|&contact| contact.first_name.contains('L'))
        .cloned()
        .collect();

    print_contacts(&people_with_l);
}
```"
"Translate the following C++ code to Rust, ensuring the result is idiomatic, safe, and efficient. Utilize Rust best practices such as ownership, borrowing, and error handling with Result where applicable. Optimize for performance while maintaining readability, following Rust's rustfmt conventions. Ensure the translated code is well-structured, properly indented, and free of unnecessary allocations:
```
#include <iostream>

int main(int argc, char* argv[])
{
        auto f = 1.23f; // 32 bits
        double d = 1.23; // 64 bits
        long double ld = 1.342349287492837492892873492347; // large

        int i = 0; // usually 32 bits
        short s = 32000; // usually 16 bits
        long l = 18000000000; // usually 64 bits
        long long ll = 1292309230983; // 128 bits
        char c = 0; // usually 8 bits 0-255

        auto b = false; // usually 8 bits, but check with sizeof(bool)

        std::cout << ""Size of float and double: "" << sizeof(float) 
                << "", "" << sizeof(double) << std::endl;
        
        // this is a ""block""
        {
                int j = 1;
                int t = j;
        }
        
        if(b)
        {
                std::cout << ""B is true!"" << std::endl;
        }
        else if(!b)
        {
                std::cout << ""B is false!"" << std::endl;
        }
        else
        {
                std::cout << ""B is false!"" << std::endl;
        }

        switch(i)
        {
        case 0:
                std::cout << ""switch 0"" << std::endl;
                break;
        case 1:
                std::cout << ""switch 1"" << std::endl;
                break;
        case 2:
                std::cout << ""switch 2"" << std::endl;
                break;
        default:
                break;
        }

        // for loop
        for(unsigned int count = 0; count < 10; count++)
        {
                if (count == 5) continue;
                std::cout << ""Count is: "" << count << std::endl;
        }

        // range based for loop
        std::string str = ""hello"";
        for(char character : str)
        {
                std::cout << character << std::endl;
        }

        int while_count = 0;
        while(while_count < 10)
        {
                std::cout << ""While count: "" << while_count << std::endl;
                while_count++;
                // or...
                // if(while_cout >= 10) break;
        }

        getchar();

        return 0;
}
```","Here is the translation from C++ to Rust.
```
use std::io::{self, Write};

fn main() {
    // Floating point types
    let f: f32 = 1.23; // 32 bits
    let d: f64 = 1.23; // 64 bits
    let ld: f64 = 1.342349287492837492892873492347; // large (Rust has f64 for large precision)

    // Integer types
    let i: i32 = 0; // usually 32 bits
    let s: i16 = 32000; // usually 16 bits
    let l: i64 = 18_000_000_000; // usually 64 bits
    let ll: i128 = 1_292_309_230_983; // 128 bits
    let c: u8 = 0; // usually 8 bits 0-255

    // Boolean type
    let b: bool = false; // usually 8 bits, but the size is implementation-dependent in Rust

    // Printing size of floats and doubles in Rust
    println!(""Size of f32 and f64: {} bytes, {} bytes"", std::mem::size_of::<f32>(), std::mem::size_of::<f64>());

    // Block scope example (in Rust, you don't need to use `auto`, Rust can infer the type)
    {
        let j: i32 = 1;
        let t = j; // `t` is inferred to be of type i32
    }

    // if-else block
    if b {
        println!(""B is true!"");
    } else {
        println!(""B is false!"");
    }

    // switch statement equivalent in Rust (match statement)
    match i {
        0 => println!(""switch 0""),
        1 => println!(""switch 1""),
        2 => println!(""switch 2""),
        _ => (), // Rust doesn't require a default if you don't care
    }

    // for loop with range
    for count in 0..10 {
        if count == 5 {
            continue; // Skips the current iteration
        }
        println!(""Count is: {}"", count);
    }

    // Range-based for loop (iterating over a string in Rust)
    let str = ""hello"";
    for character in str.chars() {
        println!(""{}"", character);
    }

    // while loop
    let mut while_count = 0;
    while while_count < 10 {
        println!(""While count: {}"", while_count);
        while_count += 1;
        // Or you can break manually if needed
        // if while_count >= 10 { break; }
    }

    // Rust doesn't need getchar for waiting input; however, we can emulate a pause
    let _ = io::stdout().flush(); // Ensures the output is printed before waiting for input
    let _ = io::stdin().read_line(&mut String::new()); // Blocks until user presses Enter
}
```
"
"Translate the following C++ code to Rust, ensuring the result is idiomatic, safe, and efficient. Utilize Rust best practices such as ownership, borrowing, and error handling with Result where applicable. Optimize for performance while maintaining readability, following Rust's rustfmt conventions. Ensure the translated code is well-structured, properly indented, and free of unnecessary allocations:
```
#include <iostream>
#include <random>
#include <cstdio>

int roll_dice(const int number_faces)
{
        std::random_device random_device;
        std::default_random_engine random_engine(random_device());
        std::uniform_int_distribution<int> uniform_int_distribution(1, number_faces);

        auto random_int = uniform_int_distribution(random_engine);
        return random_int;
}

int main(int argc, char* argv[])
{
        int number_faces = 6;
        int number_rolls = 10;

        std::cout << ""Enter the number of faces: "";
        std::cin >> number_faces;

        std::cout << std::endl;

        std::cout << ""Enter the number of times to roll: "";
        std::cin >> number_rolls;
        printf(""Rolling dice %d times.\n"", number_rolls);
        auto sum = 0;
        auto min_roll = 10000000;
        auto max_roll = -10000000;
        for(auto i = 0; i < number_rolls; i ++)
        {
                auto random_int = roll_dice(number_faces);
                sum += random_int;
                printf(""You rolled a %d\n"", random_int);
                if (random_int < min_roll) min_roll = random_int;
                if (random_int > max_roll) max_roll = random_int;
        }

        auto average = (double) sum / 10.0;
        printf(""Your average roll was %f\n"", average);
        printf(""You min roll was %d and your max %d\n"", min_roll, max_roll);
        return 0;
}
```","Here is the translation from C++ to Rust.
```
use rand::Rng;  // Import the Rng trait
use std::io::{self, Write};

fn roll_dice(number_faces: i32) -> i32 {
    let mut rng = rand::thread_rng(); // Use thread_rng as default RNG
    rng.gen_range(1..=number_faces)  // Generate a random number in the range [1, number_faces]
}

fn main() -> Result<(), Box<dyn std::error::Error>> {
    let mut input = String::new();
    let mut number_faces = 6;  // Default value for faces
    let mut number_rolls = 10; // Default number of rolls

    // Getting the number of faces from user input
    print!(""Enter the number of faces: "");
    io::stdout().flush()?;
    io::stdin().read_line(&mut input)?;
    number_faces = input.trim().parse()?;

    input.clear(); // Clear the input buffer

    // Getting the number of rolls from user input
    print!(""Enter the number of times to roll: "");
    io::stdout().flush()?;
    io::stdin().read_line(&mut input)?;
    number_rolls = input.trim().parse()?;

    // Variables for storing results
    let mut sum = 0;
    let mut min_roll = i32::MAX;
    let mut max_roll = i32::MIN;

    // Rolling the dice
    println!(""\nRolling dice {} times."", number_rolls);
    for _ in 0..number_rolls {
        let random_int = roll_dice(number_faces);
        sum += random_int;
        println!(""You rolled a {}"", random_int);

        if random_int < min_roll {
            min_roll = random_int;
        }

        if random_int > max_roll {
            max_roll = random_int;
        }
    }

    // Calculating the average
    let average = sum as f64 / number_rolls as f64;

    println!(""Your average roll was {}"", average);
    println!(""Your min roll was {} and your max was {}"", min_roll, max_roll);

    Ok(())
}
```"
"Translate the following C++ code to Rust, ensuring the result is idiomatic, safe, and efficient. Utilize Rust best practices such as ownership, borrowing, and error handling with Result where applicable. Optimize for performance while maintaining readability, following Rust's rustfmt conventions. Ensure the translated code is well-structured, properly indented, and free of unnecessary allocations:
```
#include <iostream>
#include <random>
#include <string>

struct player
{
    std::string name;
    int total_money{ 0 };
};

struct wager_result
{
    bool did_win = false;
    int money_change_amount{ 0 };
    int wager{ 0 };
    int guess{ 0 };
};
std::ostream& operator<<(std::ostream& output, const wager_result &wager)
{
    output << ""You bet "" << std::to_string(wager.wager) << "" and guessed ""
        << std::to_string(wager.guess) << std::endl;
    output << ""You "";
    if(wager.did_win)
    {
        output << ""won "";
    }
    else
    {
        output << ""lost "";
    }
    output << std::to_string(std::abs(wager.money_change_amount)) << std::endl;
    return output;
}

class number_generator
{
public:
    number_generator(const int &min, const int &max)
        : random_engine_(random_device_()), uniform_int_distribution_(min, max)
    {

    }
    int generate_random_number()
    {
        return uniform_int_distribution_(random_engine_);
    }
private:
    std::random_device random_device_;
    std::default_random_engine random_engine_;
    std::uniform_int_distribution<int> uniform_int_distribution_;
};

class game
{
    player player_;
    number_generator number_generator_;
public:
    game(const player& player)
        :number_generator_(1, 10)
    {
        player_ = player;
    }

    void start_game()
    {
        std::cout << ""Enter your name: "";
        std::getline(std::cin, player_.name);
        std::cout << ""Enter start money amount: "";
        std::cin >> player_.total_money;
    }

    bool keep_playing()
    {
        std::cout << ""Play again? (Y/N): "";
        char response;
        std::cin >> response;
        return response == 'y' || response == 'Y';
    }

    int get_bet_amount()
    {
        std::cout << ""Enter bet amount (1 - "" +
            std::to_string(player_.total_money) + ""): "";
        int wager;
        std::cin >> wager;
        return wager;
    }
    
    int get_guess()
    {
        std::cin.get();
        std::cout << ""Enter guess (1-10): "";
        int guess;
        std::cin >> guess;
        return guess;
    }
    wager_result play_round()
    {
        const auto wager = get_bet_amount();
        const auto guess = get_guess();

        wager_result result;
        result.wager = wager;
        result.guess = guess;
        const auto number = number_generator_.generate_random_number();
        if(number == guess)
        {
            result.did_win = true;
            result.money_change_amount = wager * 10;
        }
        else
        {
            result.did_win = false;
            result.money_change_amount = -1 * wager;
        }

        player_.total_money += result.money_change_amount;
        return result;
    }

    bool game_over()
    {
        return player_.total_money <= 0;
    }
};

int main()
{
    std::cout << ""----- Casino! -----"" << std::endl;
    const player m_player;
    game game(m_player);
    game.start_game();
    do
    {
        const auto result = game.play_round();
        std::cout << result << std::endl;
        if (game.game_over()) {
            std::cout << ""You lost, game over"" << std::endl;
            break;
        }

    } while (!game.game_over() && game.keep_playing());

    std::cout << ""Game over! Thanks for playing!"" << std::endl;
    return 0;
}
```","Here is the translation from C++ to Rust.
```
use rand::Rng;
use std::io::{self, Write};

struct Player {
    name: String,
    total_money: i32,
}

struct WagerResult {
    did_win: bool,
    money_change_amount: i32,
    wager: i32,
    guess: i32,
}

impl std::fmt::Display for WagerResult {
    fn fmt(&self, f: &mut std::fmt::Formatter) -> std::fmt::Result {
        write!(f, ""You bet {} and guessed {}"", self.wager, self.guess)?;
        write!(f, ""\nYou "")?;
        if self.did_win {
            write!(f, ""won "")?;
        } else {
            write!(f, ""lost "")?;
        }
        write!(f, ""{}"", self.money_change_amount.abs())?;
        Ok(())
    }
}

struct NumberGenerator {
    min: i32,
    max: i32,
}

impl NumberGenerator {
    fn new(min: i32, max: i32) -> Self {
        NumberGenerator { min, max }
    }

    fn generate_random_number(&self) -> i32 {
        let mut rng = rand::thread_rng();
        rng.gen_range(self.min..=self.max)
    }
}

struct Game {
    player: Player,
    number_generator: NumberGenerator,
}

impl Game {
    fn new(player: Player) -> Self {
        Game {
            player,
            number_generator: NumberGenerator::new(1, 10),
        }
    }

    fn start_game(&mut self) {
        print!(""Enter your name: "");
        io::stdout().flush().unwrap();
        let mut name = String::new();
        io::stdin().read_line(&mut name).unwrap();
        self.player.name = name.trim().to_string();

        print!(""Enter start money amount: "");
        io::stdout().flush().unwrap();
        let mut money = String::new();
        io::stdin().read_line(&mut money).unwrap();
        self.player.total_money = money.trim().parse().unwrap();
    }

    fn keep_playing(&self) -> bool {
        print!(""Play again? (Y/N): "");
        io::stdout().flush().unwrap();
        let mut response = String::new();
        io::stdin().read_line(&mut response).unwrap();
        response.trim().eq_ignore_ascii_case(""y"")
    }

    fn get_bet_amount(&self) -> i32 {
        print!(
            ""Enter bet amount (1 - {}): "",
            self.player.total_money
        );
        io::stdout().flush().unwrap();
        let mut wager = String::new();
        io::stdin().read_line(&mut wager).unwrap();
        wager.trim().parse().unwrap()
    }

    fn get_guess(&self) -> i32 {
        print!(""Enter guess (1-10): "");
        io::stdout().flush().unwrap();
        let mut guess = String::new();
        io::stdin().read_line(&mut guess).unwrap();
        guess.trim().parse().unwrap()
    }

    fn play_round(&mut self) -> WagerResult {
        let wager = self.get_bet_amount();
        let guess = self.get_guess();

        let number = self.number_generator.generate_random_number();

        let mut result = WagerResult {
            did_win: false,
            money_change_amount: 0,
            wager,
            guess,
        };

        if number == guess {
            result.did_win = true;
            result.money_change_amount = wager * 10;
        } else {
            result.did_win = false;
            result.money_change_amount = -wager;
        }

        self.player.total_money += result.money_change_amount;
        result
    }

    fn game_over(&self) -> bool {
        self.player.total_money <= 0
    }
}

fn main() {
    println!(""----- Casino! -----"");

    let player = Player {
        name: String::new(),
        total_money: 0,
    };

    let mut game = Game::new(player);
    game.start_game();

    while !game.game_over() {
        let result = game.play_round();
        println!(""{}"", result);

        if game.game_over() {
            println!(""You lost, game over"");
            break;
        }

        if !game.keep_playing() {
            break;
        }
    }

    println!(""Game over! Thanks for playing!"");
}
```"
"Translate the following C++ code to Rust, ensuring the result is idiomatic, safe, and efficient. Utilize Rust best practices such as ownership, borrowing, and error handling with Result where applicable. Optimize for performance while maintaining readability, following Rust's rustfmt conventions. Ensure the translated code is well-structured, properly indented, and free of unnecessary allocations:
```



// C++ program to reverse a string using recursion 
#include <bits/stdc++.h> 
using namespace std; 
  
/* Function to print reverse of the passed string */
void reverse(char *str, int index, int n)  
{ 
    if(index == n)      // return if we reached at last index or at the end of the string 
    { 
        return; 
    } 
    char temp = str[index];    // storing each character starting from index 0 in function call stack; 
    reverse(str, index+1, n);  // calling recursive function by increasing index everytime 
    cout << temp;              // printing each stored character while recurring back 
} 
  
/* Driver program to test above function */
int main() 
{ 
    char a[] = ""Geeks for Geeks""; 
    int n = sizeof(a) / sizeof(a[0]); 
    reverse(a, 0, n); 
    return 0; 
} 
```","Here is the translation from C++ to Rust.
```
fn reverse(s: &str, index: usize) {
    if index == s.len() {
        return;
    }
    
    let temp = s.chars().nth(index).unwrap(); // get the character at the current index
    reverse(s, index + 1); // recurse to the next character
    print!(""{}"", temp); // print the character after the recursion returns
}

fn main() {
    let s = ""Geeks for Geeks"";
    reverse(s, 0);
}
```"
"Translate the following C++ code to Rust, ensuring the result is idiomatic, safe, and efficient. Utilize Rust best practices such as ownership, borrowing, and error handling with Result where applicable. Optimize for performance while maintaining readability, following Rust's rustfmt conventions. Ensure the translated code is well-structured, properly indented, and free of unnecessary allocations:
```
#include <iostream>
using namespace std;

int main() {
    int n=1221;
    int t = n;
    int rev = 0;
    
    // Calculate reverse number rev of a given number n
    while (t > 0) {
        int dig = t % 10;
        rev = rev * 10 + dig;
        t /= 10;
    }
    
    // Compare number n with reverse number rev 
    if (n==rev)
        cout << ""Palindrome."";
    else
        cout << ""Not Palindrome."";
    return 0;
}
```","Here is the translation from C++ to Rust.
```
fn main() {
    let n = 1221;
    let mut t = n;
    let mut rev = 0;
    
    // Calculate the reverse number rev of a given number n
    while t > 0 {
        let dig = t % 10;
        rev = rev * 10 + dig;
        t /= 10;
    }
    
    // Compare number n with reverse number rev
    if n == rev {
        println!(""Palindrome."");
    } else {
        println!(""Not Palindrome."");
    }
}
```"
"Translate the following C++ code to Rust, ensuring the result is idiomatic, safe, and efficient. Utilize Rust best practices such as ownership, borrowing, and error handling with Result where applicable. Optimize for performance while maintaining readability, following Rust's rustfmt conventions. Ensure the translated code is well-structured, properly indented, and free of unnecessary allocations:
```
// C++ Program to Add 
// Two Complex Numbers
 
// Importing all libraries
#include<bits/stdc++.h>
using namespace std;
  
// User Defined Complex class
class Complex 
{ 
    // Declaring variables
    public: int real, imaginary;
  
    // Constructor to accept
    // real and imaginary part
    Complex(int tempReal = 0, 
            int tempImaginary = 0)
    {
        real = tempReal;
        imaginary = tempImaginary;
    }
  
    // Defining addComp() method
    // for adding two complex number
    Complex addComp(Complex C1, Complex C2)
    {
        // Creating temporary variable
        Complex temp;
  
        // Adding real part of 
        // complex numbers
        temp.real = C1.real + C2.real;
  
        // Adding Imaginary part of 
        // complex numbers
        temp.imaginary = (C1.imaginary + C2.imaginary);
  
        // Returning the sum
        return temp;
    }
};
  
// Driver code
int main()
{
    // First Complex number
    Complex C1(3, 2);
 
    // printing first complex number
    cout << ""Complex number 1 : "" << 
             C1.real << "" + i"" << 
             C1.imaginary << endl;
 
    // Second Complex number
    Complex C2(9, 5);
 
    // Printing second complex number
    cout << ""Complex number 2 : "" << 
             C2.real << "" + i"" << 
             C2.imaginary << endl;
 
    // For Storing the sum
    Complex C3;
 
    // Calling addComp() method
    C3 = C3.addComp(C1, C2);
 
    // Printing the sum
    cout << ""Sum of complex number : "" << 
             C3.real << "" + i"" << 
             C3.imaginary;
}
```","Here is the translation from C++ to Rust.
```
// Rust Program to Add Two Complex Numbers

// Define the Complex struct with fields real and imaginary
#[derive(Debug)]
struct Complex {
    real: i32,
    imaginary: i32,
}

impl Complex {
    // Constructor to initialize Complex number
    fn new(real: i32, imaginary: i32) -> Self {
        Complex { real, imaginary }
    }

    // Method to add two Complex numbers
    fn add(&self, other: &Complex) -> Complex {
        Complex {
            real: self.real + other.real,
            imaginary: self.imaginary + other.imaginary,
        }
    }
}

fn main() {
    // First Complex number
    let c1 = Complex::new(3, 2);
    // Second Complex number
    let c2 = Complex::new(9, 5);

    // Print first complex number
    println!(""Complex number 1: {} + i{}"", c1.real, c1.imaginary);

    // Print second complex number
    println!(""Complex number 2: {} + i{}"", c2.real, c2.imaginary);

    // Add two complex numbers using add() method
    let c3 = c1.add(&c2);

    // Print the sum of the two complex numbers
    println!(""Sum of complex numbers: {} + i{}"", c3.real, c3.imaginary);
}
```"
"Translate the following C++ code to Rust, ensuring the result is idiomatic, safe, and efficient. Utilize Rust best practices such as ownership, borrowing, and error handling with Result where applicable. Optimize for performance while maintaining readability, following Rust's rustfmt conventions. Ensure the translated code is well-structured, properly indented, and free of unnecessary allocations:
```
// C++ program to implement iterative 
// binary search
#include <bits/stdc++.h>
using namespace std;

bool binarySearch(vector<int>& v, int target) {
    
      // Defining the part of the vector to be
      // searched
    int low = 0, high = v.size() - 1;
      
      // Till the element is found or vector cannot
      // be divided into more parts
    while (low <= high) {
      
          // Finding mid point
        int mid = ((high - low) / 2) + low;

        // If the middle element is equal to target
        if (v[mid] == target) {
            return true;
        }

        // If the middle element is greater than 
        // target, search in the left half 
        if (v[mid] > target)
            high = mid - 1;
        
        // If the middle element is smaller than
        // target, search the right half 
        else
            low = mid + 1;
    }
      
      // If we don't find the target
      return false;
}

int main() {
    vector<int> v = {1, 2, 3, 4, 5, 8, 9, 11};
    
      // Element to be searched
      int target = 8;
  
      // Searching the target element
    if (binarySearch(v, target)) {
        cout << target << "" found."";
    } else {
        cout << target << "" NOT found."";
    }
    return 0;
}
```","Here is the translation from C++ to Rust.
```
// Rust program to implement iterative binary search

fn binary_search(v: &[i32], target: i32) -> bool {
    let mut low = 0;
    let mut high = v.len() - 1;

    // While the search space is valid
    while low <= high {
        let mid = low + (high - low) / 2;

        // If the middle element is equal to the target
        if v[mid] == target {
            return true;
        }

        // If the middle element is greater than target, search the left half
        if v[mid] > target {
            high = mid - 1;
        }
        // If the middle element is smaller than target, search the right half
        else {
            low = mid + 1;
        }
    }

    // If target is not found
    false
}

fn main() {
    let v = vec![1, 2, 3, 4, 5, 8, 9, 11];

    // Element to be searched
    let target = 8;

    // Searching the target element
    if binary_search(&v, target) {
        println!(""{} found."", target);
    } else {
        println!(""{} NOT found."", target);
    }
}
```"
"Translate the following C++ code to Rust, ensuring the result is idiomatic, safe, and efficient. Utilize Rust best practices such as ownership, borrowing, and error handling with Result where applicable. Optimize for performance while maintaining readability, following Rust's rustfmt conventions. Ensure the translated code is well-structured, properly indented, and free of unnecessary allocations:
```
//  C Program with Optimized implementation of Bubble sort
#include <stdbool.h>
#include <stdio.h>

void swap(int *a, int *b) {
    int temp = *a;
    *a = *b;
    *b = temp;
}

void bubbleSort(int arr[], int n) {
    for (int i = 0; i < n - 1; i++) {

        // swapped variable to signal if there is a
        // swap happened in the inner loop
        // initially set to false
        bool swapped = false;
        for (int j = 0; j < n - i - 1; j++) {
            if (arr[j] > arr[j + 1]) {
                swap(arr + j, arr + j + 1);

                // swapped is set to true if the swap is
                // done
                swapped = true;
            }
        }

        // If no two elements were swapped
        // by inner loop, then break
        if (swapped == false)
            break;
    }
}

int main()
{
    int arr[] = {6, 0, 3, 5};
    int n = sizeof(arr) / sizeof(arr[0]);

    // Calling bubble sort on array arr
    bubbleSort(arr, n);
  
    for (int i = 0; i < n; i++)
        printf(""%d "", arr[i]);
    return 0;
}
```","Here is the translation from C++ to Rust.
```
// Rust program with optimized implementation of Bubble Sort

fn bubble_sort(arr: &mut Vec<i32>) {
    let n = arr.len();
    for i in 0..n - 1 {
        let mut swapped = false;

        for j in 0..n - i - 1 {
            if arr[j] > arr[j + 1] {
                // Directly swap elements in place
                arr.swap(j, j + 1);
                swapped = true;
            }
        }

        // If no elements were swapped, break early to optimize
        if !swapped {
            break;
        }
    }
}

fn main() {
    let mut arr = vec![6, 0, 3, 5];
    
    // Calling bubble sort on array arr
    bubble_sort(&mut arr);
  
    // Printing the sorted array
    for num in arr.iter() {
        print!(""{} "", num);
    }
    println!();  // To print a newline after the output
}
```"
"Translate the following C++ code to Rust, ensuring the result is idiomatic, safe, and efficient. Utilize Rust best practices such as ownership, borrowing, and error handling with Result where applicable. Optimize for performance while maintaining readability, following Rust's rustfmt conventions. Ensure the translated code is well-structured, properly indented, and free of unnecessary allocations:
```
// C++ program to convert a decimal 
// number to octal number 
#include <iostream> 
using namespace std; 
  
// Function to convert decimal 
// to octal 
void decToOctal(int n) 
{ 
    // Array to store octal number 
    int octalNum[100]; 
  
    // Counter for octal number array 
    int i = 0; 
    while (n != 0) { 
        // Storing remainder in octal array 
        octalNum[i] = n % 8; 
        n = n / 8; 
        i++; 
    } 
  
    // Printing octal number array in 
    // reverse order 
    for (int j = i - 1; j >= 0; j--) 
        cout << octalNum[j]; 
} 
  
// Driver Code 
int main() 
{ 
    int n = 33; 
  
    // Function Call 
    decToOctal(n); 
  
    return 0; 
}
```","Here is the translation from C++ to Rust.
```
// Rust program to convert a decimal number to an octal number

// Function to convert decimal to octal
fn dec_to_octal(mut n: i32) {
    let mut octal_num = Vec::new(); // Vector to store octal digits

    // Convert decimal number to octal
    while n != 0 {
        octal_num.push(n % 8);
        n /= 8;
    }

    // Printing the octal number in reverse order
    for digit in octal_num.iter().rev() {
        print!(""{}"", digit);
    }
}

// Driver code
fn main() {
    let n = 33;

    // Function call to convert decimal to octal
    dec_to_octal(n);
}
```"
"Translate the following C++ code to Rust, ensuring the result is idiomatic, safe, and efficient. Utilize Rust best practices such as ownership, borrowing, and error handling with Result where applicable. Optimize for performance while maintaining readability, following Rust's rustfmt conventions. Ensure the translated code is well-structured, properly indented, and free of unnecessary allocations:
```
// C++ program to convert binary to decimal 
// when input is represented as binary string. 
#include <iostream> 
#include <string> 
using namespace std; 
  
// Function to convert binary 
// to decimal 
int binaryToDecimal(string n) 
{ 
    string num = n; 
    int dec_value = 0; 
  
    // Initializing base value to 1, i.e 2^0 
    int base = 1; 
  
    int len = num.length(); 
    for (int i = len - 1; i >= 0; i--) { 
        if (num[i] == '1') 
            dec_value += base; 
        base = base * 2; 
    } 
  
    return dec_value; 
} 
  
// Driver code 
int main() 
{ 
    string num = ""10101001""; 
    cout << binaryToDecimal(num) << endl; 
}
```","Here is the translation from C++ to Rust.
```
// Rust program to convert binary to decimal when input is represented as a binary string

// Function to convert binary string to decimal
fn binary_to_decimal(n: &str) -> i32 {
    let mut dec_value = 0;
    let mut base = 1;

    // Iterate over the characters in the string in reverse order
    for digit in n.chars().rev() {
        if digit == '1' {
            dec_value += base;
        }
        base *= 2;
    }

    dec_value
}

// Driver code
fn main() {
    let num = ""10101001"";
    
    // Function call to convert binary to decimal
    println!(""{}"", binary_to_decimal(num));
}
```"
"Translate the following C++ code to Rust, ensuring the result is idiomatic, safe, and efficient. Utilize Rust best practices such as ownership, borrowing, and error handling with Result where applicable. Optimize for performance while maintaining readability, following Rust's rustfmt conventions. Ensure the translated code is well-structured, properly indented, and free of unnecessary allocations:
```
// C++ program to add two  
// binary strings 
#include <bits/stdc++.h> 
using namespace std; 
  
// This function adds two binary strings  
// and return result as a third string 
string addBinary(string A, string B) 
{ 
    // If the length of string A is greater  
    // than the length of B then just swap  
    // the string by calling the same  
    // function and make sure to return  
    // the function otherwise recursion  
    // will occur which leads to calling  
    // the same function twice 
    if (A.length() > B.length()) 
        return addBinary(B, A); 
  
    // Calculating the difference between  
    // the length of the two strings. 
    int diff = B.length() - A.length(); 
  
    // Initialise the padding string which  
    // is used to store zeroes that should  
    // be added as prefix to the string which  
    // has length smaller than the other string. 
    string padding; 
    for (int i = 0; i < diff; i++) 
        padding.push_back('0'); 
  
    A = padding + A; 
    string res; 
    char carry = '0'; 
  
    for (int i = A.length() - 1; i >= 0; i--)  
    { 
        // This if condition solves 110 111  
        // possible cases 
        if (A[i] == '1' && B[i] == '1')  
        { 
            if (carry == '1') 
                res.push_back('1'), carry = '1'; 
            else
                res.push_back('0'), carry = '1'; 
        } 
  
        // This if condition solves 000 001  
        // possible cases 
        else if (A[i] == '0' && B[i] == '0')  
        { 
            if (carry == '1') 
                res.push_back('1'), carry = '0'; 
            else
                res.push_back('0'), carry = '0'; 
        } 
  
        // This if condition solves 100 101 010  
        // 011 possible cases 
        else if (A[i] != B[i])  
        { 
            if (carry == '1') 
                res.push_back('0'), carry = '1'; 
            else
                res.push_back('1'), carry = '0'; 
        } 
    } 
  
    // If at the end their is carry then just   
    // add it to the result 
    if (carry == '1') 
        res.push_back(carry); 
    // reverse the result 
    reverse(res.begin(), res.end()); 
  
    // To remove leading zeroes 
    int index = 0; 
    while (index + 1 < res.length() &&  
           res[index] == '0') 
        index++; 
    return (res.substr(index)); 
} 
  
// Driver code 
int main() 
{ 
    string a = ""1101"", b = ""100""; 
    cout << addBinary(a, b) << endl; 
    return 0; 
}
```","Here is the translation from C++ to Rust.
```
// Function to add two binary strings and return the result as a third string
fn add_binary(a: &str, b: &str) -> String {
    let mut i = a.len() as isize - 1; // Start from the end of string a
    let mut j = b.len() as isize - 1; // Start from the end of string b
    let mut carry = 0;  // Initialize carry
    let mut result = String::new();

    // Loop until we reach the start of both strings or there is no carry
    while i >= 0 || j >= 0 || carry != 0 {
        let bit_a = if i >= 0 { a.chars().nth(i as usize).unwrap().to_digit(2).unwrap() } else { 0 };
        let bit_b = if j >= 0 { b.chars().nth(j as usize).unwrap().to_digit(2).unwrap() } else { 0 };

        let sum = bit_a + bit_b + carry;
        carry = sum / 2;
        result.push(char::from_digit(sum % 2, 2).unwrap());

        // Move to the previous bit
        if i >= 0 { i -= 1; }
        if j >= 0 { j -= 1; }
    }

    // Reverse the result as we were adding from the least significant bit
    result.chars().rev().collect()
}

fn main() {
    let a = ""1101"";
    let b = ""100"";
    // Call the add_binary function and print the result
    println!(""{}"", add_binary(a, b)); // Should print 10001
}
```"
"Translate the following C++ code to Rust, ensuring the result is idiomatic, safe, and efficient. Utilize Rust best practices such as ownership, borrowing, and error handling with Result where applicable. Optimize for performance while maintaining readability, following Rust's rustfmt conventions. Ensure the translated code is well-structured, properly indented, and free of unnecessary allocations:
```
// C++ program to check whether the string
// is palindrome or not using loop
#include <bits/stdc++.h>
using namespace std;

void isPalindrome (string str) {
  
      // Specify the starting and ending indexes
    int left = 0, right = str.size() - 1;
  
      // Flag to terminate the loop if mismatch
      // characters found
      bool flag = true;
      
      // Till the left is less than right
    while (left < right) {

        // If any character not match, break the
        // loop, string is not palindrome
        if (str[left] != str[right]) {
            flag = false;
            break;
        }
        left++;
        right--;
    }
      
      if (flag)
        cout << ""\"""" << str
          << ""\"" is palindrome."" << endl;
          
    else
        cout << ""\"""" << str
          << ""\"" is NOT palindrome."" << endl;
}
  

int main() {
  
      // Checking if given strings are palindrome
      isPalindrome(""ABCDCBA"");
    isPalindrome(""ABCD"");            
    return 0;
}
```","Here is the translation from C++ to Rust.
```
// Function to check if a string is a palindrome
fn is_palindrome(s: &str) {
    let mut left = 0;
    let mut right = s.len() - 1;

    // Iterate while left index is less than right index
    while left < right {
        // If characters at left and right don't match, it's not a palindrome
        if s.as_bytes()[left] != s.as_bytes()[right] {
            println!(""\""{}\"" is NOT palindrome."", s);
            return;
        }
        left += 1;
        right -= 1;
    }

    println!(""\""{}\"" is palindrome."", s);
}

fn main() {
    // Checking if given strings are palindrome
    is_palindrome(""ABCDCBA"");
    is_palindrome(""ABCD"");
}
```"
"Translate the following C++ code to Rust, ensuring the result is idiomatic, safe, and efficient. Utilize Rust best practices such as ownership, borrowing, and error handling with Result where applicable. Optimize for performance while maintaining readability, following Rust's rustfmt conventions. Ensure the translated code is well-structured, properly indented, and free of unnecessary allocations:
```
#include <iostream>
#include <vector>

using namespace std;

// Function to calculate the greatest common divisor (GCD) using Euclid's algorithm
int gcd(int a, int b) {
    // Keep dividing until b becomes 0
    while (b != 0) {
        int temp = b;
        b = a % b;
        a = temp;
    }
    // 'a' holds the GCD
    return a;
}

// Function to rotate the array 'nums' by 'k' positions to the right
vector<int> rotate_array(vector<int>& nums, int k) {
    int n = nums.size();
    k = k % n; // Handle cases where k is larger than the length of the array
    if (k == 0) {
        return nums; // If k is 0, no rotation needed
    }

    // Calculate the number of cycles based on the GCD of 'n' and 'k'
    int cycles = gcd(n, k);

    // Perform rotation for each cycle
    for (int i = 0; i < cycles; ++i) {
        int start = i; // Start index of the current cycle
        int current = start; // Current index being processed
        int prev = nums[start]; // Store the value to be replaced
        while (true) {
            // Calculate the next index after rotation
            int next_idx = (current + k) % n;
            // Swap the values and update 'prev' with the replaced value
            int temp = nums[next_idx];
            nums[next_idx] = prev;
            prev = temp;
            // Update 'current' to the next index
            current = next_idx;
            // Break if the cycle completes (back to the start index)
            if (current == start) {
                break;
            }
        }
    }

    return nums; // Return the rotated array
}

// Driver code
int main() {
  
    vector<int> nums = {1, 2, 3, 4, 5, 6};
    int k = 4;
    // Rotate the array 'nums' by 'k' positions
    vector<int> rotated_nums = rotate_array(nums, k);
    // Print the rotated array
    for (int num : rotated_nums) {
        cout << num << "" "";
    }
    return 0;
}
```","Here is the translation from C++ to Rust.
```
// Function to calculate the greatest common divisor (GCD) using Euclid's algorithm
fn gcd(a: i32, b: i32) -> i32 {
    let mut a = a;
    let mut b = b;
    
    // Keep dividing until b becomes 0
    while b != 0 {
        let temp = b;
        b = a % b;
        a = temp;
    }

    a // 'a' holds the GCD
}

// Function to rotate the array 'nums' by 'k' positions to the right
fn rotate_array(mut nums: Vec<i32>, k: usize) -> Vec<i32> {
    let n = nums.len();
    let k = k % n; // Handle cases where k is larger than the length of the array
    if k == 0 {
        return nums; // If k is 0, no rotation needed
    }

    // Calculate the number of cycles based on the GCD of 'n' and 'k'
    let cycles = gcd(n as i32, k as i32) as usize;

    // Perform rotation for each cycle
    for i in 0..cycles {
        let mut start = i; // Start index of the current cycle
        let mut current = start; // Current index being processed
        let mut prev = nums[start]; // Store the value to be replaced

        loop {
            // Calculate the next index after rotation
            let next_idx = (current + k) % n;
            // Swap the values and update 'prev' with the replaced value
            let temp = nums[next_idx];
            nums[next_idx] = prev;
            prev = temp;
            // Update 'current' to the next index
            current = next_idx;
            // Break if the cycle completes (back to the start index)
            if current == start {
                break;
            }
        }
    }

    nums // Return the rotated array
}

fn main() {
    let nums = vec![1, 2, 3, 4, 5, 6];
    let k = 4;
    
    // Rotate the array 'nums' by 'k' positions
    let rotated_nums = rotate_array(nums, k);
    
    // Print the rotated array
    for num in rotated_nums {
        print!(""{} "", num);
    }
    println!();
}
```"
"Translate the following C++ code to Rust, ensuring the result is idiomatic, safe, and efficient. Utilize Rust best practices such as ownership, borrowing, and error handling with Result where applicable. Optimize for performance while maintaining readability, following Rust's rustfmt conventions. Ensure the translated code is well-structured, properly indented, and free of unnecessary allocations:
```
// C++ Program to implement linear search using
// recursion
#include <bits/stdc++.h>
using namespace std;

int linearSearch(vector<int>& v, int key, int i) {
  
      // If we have traversed the entire vector
      // and the key is not found
    if (i == v.size()) {
        return -1;
    }
    
    // If the current element matches the key
    if (v[i] == key) {
        return i;
    }

    // Recursive call to check the next element
    return linearSearch(v, key, i + 1);
}

int main() {
    vector<int> v = {1, 2, 3, 4, 5, 8, 9, 11};
  
    // Value to search
    int key = 8;

    // Searching the key in the vector v
    int i = linearSearch(v, key, 0);
    
    // Checking if element is found or not
    if (i != -1) {
        cout << key << "" Found at Position: ""
          << i + 1;
    } else {
        cout << key << "" NOT found."";
    }
    
    return 0;
}
```","Here is the translation from C++ to Rust.
```
// Function to implement linear search using recursion
fn linear_search(v: &[i32], key: i32, i: usize) -> Option<usize> {
    // If we have traversed the entire vector and the key is not found
    if i == v.len() {
        return None; // Return None if the key is not found
    }

    // If the current element matches the key, return the index
    if v[i] == key {
        return Some(i); // Return Some(i) with the index of the found element
    }

    // Recursive call to check the next element
    linear_search(v, key, i + 1)
}

fn main() {
    let v = vec![1, 2, 3, 4, 5, 8, 9, 11];

    // Value to search
    let key = 8;

    // Searching the key in the vector v
    match linear_search(&v, key, 0) {
        Some(i) => println!(""{} Found at Position: {}"", key, i + 1),
        None => println!(""{} NOT found."", key),
    }
}
```"
"Translate the following C++ code to Rust, ensuring the result is idiomatic, safe, and efficient. Utilize Rust best practices such as ownership, borrowing, and error handling with Result where applicable. Optimize for performance while maintaining readability, following Rust's rustfmt conventions. Ensure the translated code is well-structured, properly indented, and free of unnecessary allocations:
```
#include <bits/stdc++.h>
using namespace std;

int main() {
    vector<int> v1 = {2, 4, 1, 5, 3};
    vector<int> v2;

    // Copying vector v1 into vector v2
    copy(v1.begin(), v1.end(), back_inserter(v2));

    for (auto i : v2)
        cout << i << "" "";
    return 0;
}
```","Here is the translation from C++ to Rust.
```
fn main() {
    let v1 = vec![2, 4, 1, 5, 3];
    let mut v2 = Vec::new();

    // Copying vector v1 into vector v2
    v2.extend_from_slice(&v1);

    for i in v2.iter() {
        print!(""{} "", i);
    }
}
```"
"Translate the following C++ code to Rust, ensuring the result is idiomatic, safe, and efficient. Utilize Rust best practices such as ownership, borrowing, and error handling with Result where applicable. Optimize for performance while maintaining readability, following Rust's rustfmt conventions. Ensure the translated code is well-structured, properly indented, and free of unnecessary allocations:
```
// C++ Program to Implement stack using Class Templates
 
// Including input output libraries
#include <iostream>
// Header File including all string functions
#include <string>
 
using namespace std;
 
// Taking size of stack as 10
#define SIZE 5
 
// Class
// To represent stack using template by class
// taking class in template
template <class T> class Stack {
    // Public access modifier
public:
    // Empty constructor
    Stack();
 
    // Method 1
    // To add element to stack which can be any type
    // using stack push() operation
    void push(T k);
 
    // Method 2
    // To remove top element from stack
    // using pop() operation
    T pop();
 
    // Method 3
    // To print top element in stack
    // using peek() method
    T topElement();
 
    // Method 4
    // To check whether stack is full
    // using isFull() method
    bool isFull();
 
    // Method 5
    // To check whether stack is empty
    // using isEmpty() method
    bool isEmpty();
 
private:
    // Taking data member top
    int top;
 
    // Initialising stack(array) of given size
    T st[SIZE];
};
 
// Method 6
// To initialise top to
// -1(default constructor)
template <class T> Stack<T>::Stack() { top = -1; }
 
// Method 7
// To add element element k to stack
template <class T> void Stack<T>::push(T k)
{
 
    // Checking whether stack is completely filled
    if (isFull()) {
        // Display message when no elements can be pushed
        // into it
        cout << ""Stack is full\n"";
    }
 
    // Inserted element
    cout << ""Inserted element "" << k << endl;
 
    // Incrementing the top by unity as element
    // is to be inserted
    top = top + 1;
 
    // Now, adding element to stack
    st[top] = k;
}
 
// Method 8
// To check if the stack is empty
template <class T> bool Stack<T>::isEmpty()
{
    if (top == -1)
        return 1;
    else
        return 0;
}
 
// Utility methods
 
// Method 9
// To check if the stack is full or not
template <class T> bool Stack<T>::isFull()
{
    // Till top in inside the stack
    if (top == (SIZE - 1))
        return 1;
    else
 
        // As top can not exceeds th size
        return 0;
}
 
// Method 10
template <class T> T Stack<T>::pop()
{
    // Initialising a variable to store popped element
    T popped_element = st[top];
 
    // Decreasing the top as
    // element is getting out from the stack
    top--;
 
    // Returning the element/s that is/are popped
    return popped_element;
}
 
// Method 11
template <class T> T Stack<T>::topElement()
{
    // Initialising a variable to store top element
    T top_element = st[top];
 
    // Returning the top element
    return top_element;
}
 
// Method 12
// Main driver method
int main()
{
 
    // Creating object of Stack class in main() method
    // Declaring objects of type Integer and String
    Stack<int> integer_stack;
    Stack<string> string_stack;
 
    // Adding elements to integer stack object
    // Custom integer entries
    integer_stack.push(2);
    integer_stack.push(54);
    integer_stack.push(255);
 
    // Adding elements to string stack
    // Custom string entries
    string_stack.push(""Welcome"");
    string_stack.push(""to"");
    string_stack.push(""GeeksforGeeks"");
 
    // Now, removing element from integer stack
    cout << integer_stack.pop() << "" is removed from stack""
         << endl;
 
    // Removing top element from string stack
    cout << string_stack.pop() << "" is removed from stack ""
         << endl;
 
    // Print and display the top element in integer stack
    cout << ""Top element is "" << integer_stack.topElement()
         << endl;
 
    // Print and display the top element in string stack
    cout << ""Top element is "" << string_stack.topElement()
         << endl;
 
    return 0;
}
```","Here is the translation from C++ to Rust.
```
use std::fmt::Debug;

// Define a struct for Stack with a generic type T
const SIZE: usize = 5; // Defining stack size as constant

struct Stack<T> {
    top: i32,
    st: [Option<T>; SIZE],
}

impl<T: Debug> Stack<T> { // Add the Debug trait bound here
    // Constructor for the Stack struct
    fn new() -> Self {
        Stack {
            top: -1,
            st: [None, None, None, None, None], // Initialize with None, representing an empty stack
        }
    }

    // Method to push an element onto the stack
    fn push(&mut self, k: T) {
        if self.is_full() {
            println!(""Stack is full"");
            return;
        }
        self.top += 1;
        self.st[self.top as usize] = Some(k);
        println!(""Inserted element {:?}"", self.st[self.top as usize]);
    }

    // Method to check if the stack is empty
    fn is_empty(&self) -> bool {
        self.top == -1
    }

    // Method to check if the stack is full
    fn is_full(&self) -> bool {
        self.top == (SIZE as i32 - 1)
    }

    // Method to pop an element from the stack
    fn pop(&mut self) -> Option<T> {
        if self.is_empty() {
            println!(""Stack is empty"");
            return None;
        }
        let popped_element = self.st[self.top as usize].take(); // Take the element out
        self.top -= 1;
        popped_element
    }

    // Method to get the top element of the stack
    fn top_element(&self) -> Option<&T> {
        if self.is_empty() {
            println!(""Stack is empty"");
            return None;
        }
        self.st[self.top as usize].as_ref()
    }
}

fn main() {
    // Creating instances of Stack for integer and string types
    let mut integer_stack = Stack::<i32>::new();
    let mut string_stack = Stack::<String>::new();

    // Adding elements to the integer stack
    integer_stack.push(2);
    integer_stack.push(54);
    integer_stack.push(255);

    // Adding elements to the string stack
    string_stack.push(""Welcome"".to_string());
    string_stack.push(""to"".to_string());
    string_stack.push(""GeeksforGeeks"".to_string());

    // Removing an element from the integer stack
    if let Some(popped) = integer_stack.pop() {
        println!(""{} is removed from stack"", popped);
    }

    // Removing the top element from the string stack
    if let Some(popped) = string_stack.pop() {
        println!(""{} is removed from stack"", popped);
    }

    // Print the top element in the integer stack
    if let Some(top) = integer_stack.top_element() {
        println!(""Top element is {:?}"", top);
    }

    // Print the top element in the string stack
    if let Some(top) = string_stack.top_element() {
        println!(""Top element is {:?}"", top);
    }
}

```"
"Translate the following C++ code to Rust, ensuring the result is idiomatic, safe, and efficient. Utilize Rust best practices such as ownership, borrowing, and error handling with Result where applicable. Optimize for performance while maintaining readability, following Rust's rustfmt conventions. Ensure the translated code is well-structured, properly indented, and free of unnecessary allocations:
```
// C++ Program to find permutation 
// of string using rotate() function
#include <bits/stdc++.h>
using namespace std;

// Recursive Function to generate permutation
void recurPermute(string s, string x, set<string> &res) {

    // if string s becomes empty, then 
    // we have permutation stored in x
    if (s.size() == 0) {
        
        // store the permutation in res
        res.insert(x);
        return;
    }

    // else iterate through the string
    for (int i = 0; i < s.size(); i++) {

        // remove the first character from 
        // string s and add to string x
        recurPermute(s.substr(1), x + s[0], res);

        // rotating such that second element becomes first
        rotate(s.begin(), s.begin() + 1, s.end());
    }
}

// Function to find all permutation of string
vector<string> findPermutation(string &s){

    // to store all the permutations
    set<string> res;

    // call the recursive function
    recurPermute(s, """", res);

    // stores all unique permutation
    vector<string> ans;
    for(auto i:res){
        ans.push_back(i);
    }
    return ans;
}
int main() {
    string s = ""ABC"";
    vector<string> ans = findPermutation(s);
    for(auto i: ans){
        cout << i << "" "";
    }
    return 0;
}
```","Here is the translation from C++ to Rust.
```
use std::collections::HashSet;

// Recursive function to generate permutations
fn recur_permute(s: &str, x: String, res: &mut HashSet<String>) {
    // If string s becomes empty, then we have a permutation stored in x
    if s.is_empty() {
        // Store the permutation in res
        res.insert(x);
        return;
    }

    // Iterate through the string
    for i in 0..s.len() {
        // Remove the first character from string s and add to string x
        let first_char = &s[i..i + 1]; // Take the character at position `i`
        let rest = format!(""{}{}"", &s[0..i], &s[i + 1..]); // Remove this character from `s`

        // Recursive call with updated values
        let next_x = format!(""{}{}"", x, first_char);
        recur_permute(&rest, next_x, res); // Pass the remaining string and the new prefix
    }
}

// Function to find all permutations of the string
fn find_permutation(s: &str) -> Vec<String> {
    // To store all unique permutations
    let mut res = HashSet::new();

    // Call the recursive function
    recur_permute(s, String::new(), &mut res);

    // Return the results as a vector
    let mut ans: Vec<String> = res.into_iter().collect();
    ans.sort(); // Sort the result to match the order of output in the C++ program
    ans
}

fn main() {
    let s = ""ABC"";
    let ans = find_permutation(s);

    // Print the permutations
    for i in ans {
        println!(""{}"", i);
    }
}
```"
"Translate the following C++ code to Rust, ensuring the result is idiomatic, safe, and efficient. Utilize Rust best practices such as ownership, borrowing, and error handling with Result where applicable. Optimize for performance while maintaining readability, following Rust's rustfmt conventions. Ensure the translated code is well-structured, properly indented, and free of unnecessary allocations:
```
// C++ program to generate random double
// Using random function
#include <iostream>
#include <time.h>
using namespace std;
 
// Driver Code
int main()
{
    const long max_rand = 1000000L;
 
    double lower_bound = 0;
    double upper_bound = 100;
 
    srandom(time(NULL));
 
      // Using random function to
      // get random double value
    double random_double = lower_bound
                           + (upper_bound - lower_bound)
                                 * (random() % max_rand)
                                 / max_rand;
 
    cout << random_double << endl;
 
    return 0;
}
```","Here is the translation from C++ to Rust.
```
use rand::{Rng, SeedableRng}; // Import Rng and SeedableRng traits
use std::time::SystemTime;

fn main() {
    let lower_bound: f64 = 0.0;
    let upper_bound: f64 = 100.0;

    // Get the current time to seed the random number generator
    let seed = SystemTime::now().duration_since(SystemTime::UNIX_EPOCH)
        .expect(""Time went backwards"")
        .as_secs();

    // Initialize the random number generator with the seed
    let mut rng = rand::rngs::StdRng::seed_from_u64(seed);

    // Generate the random double within the range [lower_bound, upper_bound)
    let random_double: f64 = lower_bound + (upper_bound - lower_bound) * rng.gen::<f64>();

    // Print the random double value
    println!(""{}"", random_double);
}
```"
"Translate the following C++ code to Rust, ensuring the result is idiomatic, safe, and efficient. Utilize Rust best practices such as ownership, borrowing, and error handling with Result where applicable. Optimize for performance while maintaining readability, following Rust's rustfmt conventions. Ensure the translated code is well-structured, properly indented, and free of unnecessary allocations:
```
// A C++ Program to Implement a Calendar
// of an year
#include<bits/stdc++.h>
using namespace std;
 
/*A Function that returns the index of the day
  of the date- day/month/year
  For e.g-
 
  Index     Day
  0         Sunday
  1         Monday
  2         Tuesday
  3         Wednesday
  4         Thursday
  5         Friday
  6         Saturday*/
int dayNumber(int day, int month, int year)
{
 
    static int t[] = { 0, 3, 2, 5, 0, 3, 5, 1,
                       4, 6, 2, 4 };
    year -= month < 3;
    return ( year + year/4 - year/100 +
             year/400 + t[month-1] + day) % 7;
}
 
/*
  A Function that returns the name of the month
  with a given month number
 
  Month Number     Name
  0                January
  1                February
  2                March
  3                April
  4                May
  5                June
  6                July
  7                August
  8                September
  9                October
  10               November
  11               December */
string getMonthName(int monthNumber)
{
    string months[] = {""January"", ""February"", ""March"",
                       ""April"", ""May"", ""June"",
                       ""July"", ""August"", ""September"",
                       ""October"", ""November"", ""December""
                      };
 
    return (months[monthNumber]);
}
 
/* A Function to return the number of days in
   a month
 
  Month Number     Name        Number of Days
  0                January     31
  1                February    28 (non-leap) / 29 (leap)
  2                March       31
  3                April       30
  4                May         31
  5                June        30
  6                July        31
  7                August      31
  8                September   30
  9                October     31
  10               November    30
  11               December    31
 
*/
int numberOfDays (int monthNumber, int year)
{
    // January
    if (monthNumber == 0)
        return (31);
 
    // February
    if (monthNumber == 1)
    {
        // If the year is leap then February has
        // 29 days
        if (year % 400 == 0 ||
                (year % 4 == 0 && year % 100 != 0))
            return (29);
        else
            return (28);
    }
 
    // March
    if (monthNumber == 2)
        return (31);
 
    // April
    if (monthNumber == 3)
        return (30);
 
    // May
    if (monthNumber == 4)
        return (31);
 
    // June
    if (monthNumber == 5)
        return (30);
 
    // July
    if (monthNumber == 6)
        return (31);
 
    // August
    if (monthNumber == 7)
        return (31);
 
    // September
    if (monthNumber == 8)
        return (30);
 
    // October
    if (monthNumber == 9)
        return (31);
 
    // November
    if (monthNumber == 10)
        return (30);
 
    // December
    if (monthNumber == 11)
        return (31);
}
 
// Function to print the calendar of the given year
void printCalendar(int year)
{
    printf (""         Calendar - %d\n\n"", year);
    int days;
 
    // Index of the day from 0 to 6
    int current = dayNumber (1, 1, year);
 
    // i --> Iterate through all the months
    // j --> Iterate through all the days of the
    //       month - i
    for (int i = 0; i < 12; i++)
    {
        days = numberOfDays (i, year);
 
        // Print the current month name
        printf(""\n  ------------%s-------------\n"",
               getMonthName (i).c_str());
 
        // Print the columns
        printf(""  Sun  Mon  Tue  Wed  Thu  Fri  Sat\n"");
 
        // Print appropriate spaces
        int k;
        for (k = 0; k < current; k++)
            printf(""     "");
 
        for (int j = 1; j <= days; j++)
        {
            printf(""%5d"", j);
 
            if (++k > 6)
            {
                k = 0;
                printf(""\n"");
            }
        }
 
        if (k)
            printf(""\n"");
 
        current = k;
    }
 
    return;
}
 
// Driver Program to check above functions
int main()
{
    int year = 2016;
    printCalendar(year);
 
    return (0);
}
```","Here is the translation from C++ to Rust.
```
use std::fmt;

// A function that returns the index of the day of the date - day/month/year
// 0 -> Sunday, 1 -> Monday, ..., 6 -> Saturday
fn day_number(day: u32, month: u32, year: u32) -> u32 {
    let t = [0, 3, 2, 5, 0, 3, 5, 1, 4, 6, 2, 4];
    let mut year = year;
    if month < 3 {
        year -= 1;
    }
    (year + year / 4 - year / 100 + year / 400 + t[(month - 1) as usize] + day) % 7
}

// A function to get the month name for a given month number
fn get_month_name(month_number: u32) -> &'static str {
    let months = [
        ""January"", ""February"", ""March"", ""April"", ""May"", ""June"", ""July"", ""August"",
        ""September"", ""October"", ""November"", ""December"",
    ];
    months[month_number as usize]
}

// A function to return the number of days in a month
fn number_of_days(month_number: u32, year: u32) -> u32 {
    match month_number {
        0 | 2 | 4 | 6 | 7 | 9 | 11 => 31, // Months with 31 days
        3 | 5 | 8 | 10 => 30,             // Months with 30 days
        1 => {
            if (year % 400 == 0) || (year % 4 == 0 && year % 100 != 0) {
                29 // Leap year February
            } else {
                28 // Non-leap year February
            }
        }
        _ => 0, // Invalid month (shouldn't happen)
    }
}

// A function to print the calendar for the given year
fn print_calendar(year: u32) {
    println!(""         Calendar - {}\n"", year);

    // Determine the starting day of the year
    let mut current = day_number(1, 1, year);

    // Loop through all months
    for month in 0..12 {
        let days = number_of_days(month, year);

        // Print the current month name
        println!(""\n  ------------{}-------------"", get_month_name(month));

        // Print the column headers
        println!(""  Sun  Mon  Tue  Wed  Thu  Fri  Sat"");

        // Print leading spaces for the first week
        for _ in 0..current {
            print!(""     "");
        }

        // Print the days of the month
        let mut k = current;
        for day in 1..=days {
            print!(""{:5}"", day);

            if k == 6 {
                k = 0;
                println!();
            } else {
                k += 1;
            }
        }

        if k != 0 {
            println!();
        }

        // Set the starting day of the next month
        current = k;
    }
}

fn main() {
    let year = 2016;
    print_calendar(year);
}
```"
"Translate the following C++ code to Rust, ensuring the result is idiomatic, safe, and efficient. Utilize Rust best practices such as ownership, borrowing, and error handling with Result where applicable. Optimize for performance while maintaining readability, following Rust's rustfmt conventions. Ensure the translated code is well-structured, properly indented, and free of unnecessary allocations:
```
// C++ Program to print current Day, Date and Time 
#include <ctime> 
#include <iostream> 
using namespace std; 
int main() 
{ 
    // Declaring argument for time() 
    time_t tt; 
  
    // Declaring variable to store return value of 
    // localtime() 
    struct tm* ti; 
  
    // Applying time() 
    time(&tt); 
  
    // Using localtime() 
    ti = localtime(&tt); 
  
    cout << ""Current Day, Date and Time is = ""
         << asctime(ti); 
  
    return 0; 
}
```","Here is the translation from C++ to Rust.
```
use chrono::Local;

fn main() {
    // Get the current local date and time
    let current_datetime = Local::now();

    // Print the current day, date, and time
    println!(""Current Day, Date and Time is = {}"", current_datetime);
}
```"
"Translate the following C++ code to Rust, ensuring the result is idiomatic, safe, and efficient. Utilize Rust best practices such as ownership, borrowing, and error handling with Result where applicable. Optimize for performance while maintaining readability, following Rust's rustfmt conventions. Ensure the translated code is well-structured, properly indented, and free of unnecessary allocations:
```
// C++ program to implement Custom Vector
// class
#include ""iostream""
#define ll long long
using namespace std;
 
// Template class to create vector of
// different data_type
template <typename DT>
class GenericMyVector {
private:
    DT* arr;
 
    // Variable to store the current capacity
    // of the vector
    ll capacity;
 
    // Variable to store the length of the
    // vector
    ll length;
 
public:
    explicit GenericMyVector(ll = 100);
 
    // Function that returns the number of
    // elements in array after pushing the data
    ll push_back(DT);
 
    // function that returns the popped element
    DT pop_back();
 
    // Function that return the size of vector
    ll size() const;
    DT& operator[](ll);
 
    // Iterator Class
    class iterator {
    private:
        // Dynamic array using pointers
        DT* ptr;
 
    public:
        explicit iterator()
            : ptr(nullptr)
        {
        }
        explicit iterator(DT* p)
            : ptr(p)
        {
        }
        bool operator==(const iterator& rhs) const
        {
            return ptr == rhs.ptr;
        }
        bool operator!=(const iterator& rhs) const
        {
            return !(*this == rhs);
        }
        DT operator*() const
        {
            return *ptr;
        }
        iterator& operator++()
        {
            ++ptr;
            return *this;
        }
        iterator operator++(int)
        {
            iterator temp(*this);
            ++*this;
            return temp;
        }
    };
 
    // Begin iterator
    iterator begin() const;
 
    // End iterator
    iterator end() const;
};
 
// Template class to return the size of
// vector of different data_type
template <typename DT>
GenericMyVector<DT>::GenericMyVector(ll n)
    : capacity(n), arr(new DT[n]), length(0)
{
}
 
// Template class to insert the element
// in vector
template <typename DT>
ll GenericMyVector<DT>::push_back(DT data)
{
    if (length == capacity) {
        DT* old = arr;
        arr = new DT[capacity = capacity * 2];
        copy(old, old + length, arr);
        delete[] old;
    }
    arr[length++] = data;
    return length;
}
 
// Template class to return the popped element
// in vector
template <typename DT>
DT GenericMyVector<DT>::pop_back()
{
    return arr[length-- - 1];
}
 
// Template class to return the size of
// vector
template <typename DT>
ll GenericMyVector<DT>::size() const
{
    return length;
}
 
// Template class to return the element of
// vector at given index
template <typename DT>
DT& GenericMyVector<DT>::operator[](ll index)
{
    // if given index is greater than the
    // size of vector print Error
    if (index >= length) {
        cout << ""Error: Array index out of bound"";
        exit(0);
    }
 
    // else return value at that index
    return *(arr + index);
}
 
// Template class to return begin iterator
template <typename DT>
typename GenericMyVector<DT>::iterator 
                      GenericMyVector<DT>::begin() const
{
    return iterator(arr);
}
 
// Template class to return end iterator
template <typename DT>
typename GenericMyVector<DT>::iterator 
                        GenericMyVector<DT>::end() const
{
    return iterator(arr + length);
}
 
// Template class to display element in
// vector
template <typename V>
void display_vector(V& v)
{
    // Declare iterator
    typename V::iterator ptr;
    for (ptr = v.begin(); ptr != v.end(); ptr++) {
        cout << *ptr << ' ';
    }
    cout << '\n';
}
 
// Driver code
int main()
{
    cout << ""For Integer data_type"" << endl;
 
    GenericMyVector<int> v;
    v.push_back(5);
    v.push_back(6);
    v.push_back(7);
    v.push_back(8);
    v.push_back(9);
    v.push_back(10);
    v.push_back(11);
    v.push_back(12);
 
    // Declare iterator for traversal in
    // vector v
    GenericMyVector<int>::iterator it;
 
    // Function called to display element in
    // vector in v
    cout << ""Element in vector v : "";
    display_vector(v);
 
    // Print the size of vector v
    cout << ""size: "" << v.size() << endl;
 
    // Print Element at index 2
    cout << ""v[2]: "" << v[2] << '\n';
 
    // Pop an element and print it
    cout << ""Popped Element: "" << v.pop_back() << '\n';
    display_vector(v);
 
    cout << endl;
 
    cout << ""For Char data_type"" << endl;
 
    GenericMyVector<char> c;
    c.push_back('a');
    c.push_back('b');
    c.push_back('c');
    c.push_back('d');
    c.push_back('e');
    c.push_back('f');
    c.push_back('g');
    c.push_back('h');
 
    // Declare iterator for traversal in
    // vector c
    GenericMyVector<char>::iterator it1;
 
    // Function called to display element in
    // vector in c
    cout << ""Element in vector c : "";
    display_vector(c);
 
    // Print the size of vector c
    cout << ""size: "" << c.size() << '\n';
 
    // Print Element at index 2
    cout << ""c[2]: "" << c[2] << '\n';
 
    // Pop an element and print it
    cout << ""pop: "" << c.pop_back() << '\n';
 
    // Function called to display element in
    // vector in c
    cout << ""Element in vector c : "";
    display_vector(c);
    return 0;
}
```","Here is the translation from C++ to Rust.
```
use std::fmt::Debug;

// Custom vector implementation in Rust
struct GenericMyVector<DT> {
    arr: Vec<DT>,
}

impl<DT> GenericMyVector<DT> {
    // Constructor to initialize the vector
    fn new() -> Self {
        GenericMyVector { arr: Vec::new() }
    }

    // Function to push an element to the vector
    fn push_back(&mut self, data: DT) -> usize {
        self.arr.push(data);
        self.arr.len()
    }

    // Function to pop an element from the vector
    fn pop_back(&mut self) -> Option<DT> {
        self.arr.pop()
    }

    // Function to return the size of the vector
    fn size(&self) -> usize {
        self.arr.len()
    }

    // Function to get a reference to an element at a given index
    fn get(&self, index: usize) -> Option<&DT> {
        self.arr.get(index)
    }

    // Function to iterate over the vector
    fn iter(&self) -> std::slice::Iter<DT> {
        self.arr.iter()
    }
}

// Function to display the elements of the vector
fn display_vector<T: Debug>(v: &GenericMyVector<T>) {
    for element in v.iter() {
        print!(""{:?} "", element);
    }
    println!();
}

fn main() {
    // Working with integers
    println!(""For Integer data_type"");

    let mut v = GenericMyVector::<i32>::new();
    v.push_back(5);
    v.push_back(6);
    v.push_back(7);
    v.push_back(8);
    v.push_back(9);
    v.push_back(10);
    v.push_back(11);
    v.push_back(12);

    // Display the elements in the vector
    println!(""Element in vector v: "");
    display_vector(&v);

    // Print the size of the vector
    println!(""size: {}"", v.size());

    // Print the element at index 2
    if let Some(value) = v.get(2) {
        println!(""v[2]: {}"", value);
    }

    // Pop an element and print it
    if let Some(popped) = v.pop_back() {
        println!(""Popped Element: {}"", popped);
    }

    display_vector(&v);

    println!();

    // Working with characters
    println!(""For Char data_type"");

    let mut c = GenericMyVector::<char>::new();
    c.push_back('a');
    c.push_back('b');
    c.push_back('c');
    c.push_back('d');
    c.push_back('e');
    c.push_back('f');
    c.push_back('g');
    c.push_back('h');

    // Display the elements in the vector
    println!(""Element in vector c: "");
    display_vector(&c);

    // Print the size of the vector
    println!(""size: {}"", c.size());

    // Print the element at index 2
    if let Some(value) = c.get(2) {
        println!(""c[2]: {}"", value);
    }

    // Pop an element and print it
    if let Some(popped) = c.pop_back() {
        println!(""pop: {}"", popped);
    }

    // Display the elements after popping
    display_vector(&c);
}
```"
"Translate the following C++ code to Rust, ensuring the result is idiomatic, safe, and efficient. Utilize Rust best practices such as ownership, borrowing, and error handling with Result where applicable. Optimize for performance while maintaining readability, following Rust's rustfmt conventions. Ensure the translated code is well-structured, properly indented, and free of unnecessary allocations:
```
// CPP program to count the number of
// unique triplets whose XOR is 0
#include <bits/stdc++.h>
using namespace std;
 
// function to count the number of 
// unique triplets whose xor is 0
int countTriplets(int a[], int n) 
{
    // To store values that are present
    unordered_set<int> s;
    for (int i = 0; i < n; i++)
        s.insert(a[i]);
     
    // stores the count of unique triplets
    int count = 0;
     
    // traverse for all i, j pairs such that j>i
    for (int i = 0; i < n-1; i++) {
        for (int j = i + 1; j < n; j++) {
 
          // xor of a[i] and a[j]
          int xr = a[i] ^ a[j];
     
          // if xr of two numbers is present, 
          // then increase the count
          if (s.find(xr) != s.end() && xr != a[i] && 
                                       xr != a[j])
            count++;
        }
    }
     
    // returns answer
    return count / 3;
}
 
// Driver code to test above function
int main() 
{
    int a[] = {1, 3, 5, 10, 14, 15};
    int n = sizeof(a) / sizeof(a[0]);   
    cout << countTriplets(a, n);    
    return 0;
}
```","Here is the translation from C++ to Rust.
```
use std::collections::HashSet;

fn count_triplets(arr: &[i32]) -> usize {
    let unique_values: HashSet<i32> = arr.iter().cloned().collect();
    let mut count = 0;
    let n = arr.len();

    for i in 0..n - 1 {
        for j in i + 1..n {
            let xr = arr[i] ^ arr[j];
            if unique_values.contains(&xr) && xr != arr[i] && xr != arr[j] {
                count += 1;
            }
        }
    }
    count / 3
}

fn main() {
    let arr = [1, 3, 5, 10, 14, 15];
    let result = count_triplets(&arr);
    println!(""{}"", result);
}
```"
"Translate the following C++ code to Rust, ensuring the result is idiomatic, safe, and efficient. Utilize Rust best practices such as ownership, borrowing, and error handling with Result where applicable. Optimize for performance while maintaining readability, following Rust's rustfmt conventions. Ensure the translated code is well-structured, properly indented, and free of unnecessary allocations:
```
// C++ program to find quotient
// and remainder
#include <iostream>
using namespace std;

// Driver code
int main()
{
    int Dividend, Quotient, Divisor, Remainder;

    cout << ""Enter Dividend & Divisor: "";
    cin >> Dividend >> Divisor;

    // Check for division by zero
    if (Divisor == 0) {
        cout << ""Error: Divisor cannot be zero."" << endl;
    } else {
        Quotient = Dividend / Divisor;
        Remainder = Dividend % Divisor;

        cout << ""The Quotient = "" << Quotient << endl;
        cout << ""The Remainder = "" << Remainder << endl;
    }
    return 0;
}
```","Here is the translation from C++ to Rust.
```
use std::io;

fn main() {
    let mut input = String::new();
    println!(""Enter Dividend & Divisor: "");
    io::stdin().read_line(&mut input).expect(""Failed to read input"");
    let numbers: Vec<i32> = input
        .trim()
        .split_whitespace()
        .filter_map(|s| s.parse().ok())
        .collect();
    
    if numbers.len() != 2 {
        println!(""Error: Please enter two integers."");
        return;
    }
    
    let (dividend, divisor) = (numbers[0], numbers[1]);
    
    if divisor == 0 {
        println!(""Error: Divisor cannot be zero."");
    } else {
        let quotient = dividend / divisor;
        let remainder = dividend % divisor;
        println!(""The Quotient = {}"", quotient);
        println!(""The Remainder = {}"", remainder);
    }
}
```"
"Translate the following C++ code to Rust, ensuring the result is idiomatic, safe, and efficient. Utilize Rust best practices such as ownership, borrowing, and error handling with Result where applicable. Optimize for performance while maintaining readability, following Rust's rustfmt conventions. Ensure the translated code is well-structured, properly indented, and free of unnecessary allocations:
```
// C++ program to find the size of int, char, 
// float and double data types 
#include <iostream> 
using namespace std; 
  
int main() 
{ 
    int integerType; 
    char charType; 
    float floatType; 
    double doubleType; 
  
    // Calculate and Print 
    // the size of integer type 
    cout << ""Size of int is: "" << sizeof(integerType) 
         << ""\n""; 
  
    // Calculate and Print 
    // the size of doubleType 
    cout << ""Size of char is: "" << sizeof(charType) << ""\n""; 
  
    // Calculate and Print 
    // the size of charType 
    cout << ""Size of float is: "" << sizeof(floatType) 
         << ""\n""; 
  
    // Calculate and Print 
    // the size of floatType 
    cout << ""Size of double is: "" << sizeof(doubleType) 
         << ""\n""; 
  
    return 0; 
}
```","Here is the translation from C++ to Rust.
```
fn main() {
    println!(""Size of int is: {} bytes"", std::mem::size_of::<i32>());
    println!(""Size of char is: {} bytes"", std::mem::size_of::<char>());
    println!(""Size of float is: {} bytes"", std::mem::size_of::<f32>());
    println!(""Size of double is: {} bytes"", std::mem::size_of::<f64>());
}
```"
"Translate the following C++ code to Rust, ensuring the result is idiomatic, safe, and efficient. Utilize Rust best practices such as ownership, borrowing, and error handling with Result where applicable. Optimize for performance while maintaining readability, following Rust's rustfmt conventions. Ensure the translated code is well-structured, properly indented, and free of unnecessary allocations:
```
// C++ Program to initialize std::vector by
// pushing values one by one
#include <bits/stdc++.h>
using namespace std;

int main() {
    vector<int> v;

    // Pushing Value one by one
    v.push_back(11);
    v.push_back(23);
    v.push_back(45);
    v.push_back(89);

    for (auto i : v)
        cout << i << "" "";
    return 0;
}
```","Here is the translation from C++ to Rust.
```
fn main() {
    let v = vec![11, 23, 45, 89];
    
    for i in &v {
        print!(""{} "", i);
    }
    println!();
}
```"
"Translate the following C++ code to Rust, ensuring the result is idiomatic, safe, and efficient. Utilize Rust best practices such as ownership, borrowing, and error handling with Result where applicable. Optimize for performance while maintaining readability, following Rust's rustfmt conventions. Ensure the translated code is well-structured, properly indented, and free of unnecessary allocations:
```
// C++ Program to initializ the std::vector
// with specific value
#include <bits/stdc++.h>
using namespace std;

int main() {

    // Initializing all the elements of a
      // vector using a single value
    vector<int> v(5, 11);

    for (auto i : v)
        cout << i << "" "";
    return 0;
}
```","Here is the translation from C++ to Rust.
```
fn main() {
    let v = vec![11; 5];
    
    for i in &v {
        print!(""{} "", i);
    }
    println!();
}
```
"
"Translate the following C++ code to Rust, ensuring the result is idiomatic, safe, and efficient. Utilize Rust best practices such as ownership, borrowing, and error handling with Result where applicable. Optimize for performance while maintaining readability, following Rust's rustfmt conventions. Ensure the translated code is well-structured, properly indented, and free of unnecessary allocations:
```
#include <bits/stdc++.h>
using namespace std;

int main() {
    vector<int> v1 = {1, 3, 5, 7, 9};
    vector<int> v2 = {1, 3, 5};

    // Finding first position where they differ
    auto p = mismatch(v1.begin(), v1.end(), v2.begin());

    // Checking Vectors equal or not
    if (p.first == v1.end() && p.second == v2.end())
        cout << ""Vectors are Equal"";
    else
        cout << ""Vectors are NOT Equal"";
    return 0;
}
```","Here is the translation from C++ to Rust.
```
fn main() {
    let v1 = vec![1, 3, 5, 7, 9];
    let v2 = vec![1, 3, 5];

    // Finding first position where they differ
    let mismatch_position = v1.iter().zip(v2.iter()).position(|(a, b)| a != b);

    // Checking if vectors are equal
    if mismatch_position.is_none() && v1.len() == v2.len() {
        println!(""Vectors are Equal"");
    } else {
        println!(""Vectors are NOT Equal"");
    }
}
```"
"Translate the following C++ code to Rust, ensuring the result is idiomatic, safe, and efficient. Utilize Rust best practices such as ownership, borrowing, and error handling with Result where applicable. Optimize for performance while maintaining readability, following Rust's rustfmt conventions. Ensure the translated code is well-structured, properly indented, and free of unnecessary allocations:
```
#include <stdio.h> 
#include <time.h> 

#define UTC (0) 
#define ART (-3) 

int main() 
{ 
    // Object to store time
    time_t current_time;

    // Pointer to store broken-down time
    struct tm* ptime; 

    // Get the current time
    time(&current_time); 

    // Convert to UTC
    ptime = gmtime(&current_time); 

    printf(""Current time:\n""); 
    printf(""Monrovia (Liberia): %02d:%02d:%02d\n"", 
        (ptime->tm_hour + UTC) % 24, ptime->tm_min, ptime->tm_sec); 

    printf(""Buenos Aires (Argentina): %02d:%02d:%02d\n"", 
        (ptime->tm_hour + ART) % 24, ptime->tm_min, ptime->tm_sec); 

    return 0; 
}

```","Here is the translation from C++ to Rust.
```
use chrono::{Utc, Timelike};

fn main() {
    // Get the current UTC time
    let current_time = Utc::now();
    
    // Extract hour, minute, and second
    let hour = current_time.hour();
    let minute = current_time.minute();
    let second = current_time.second();
    
    // Define time zone offsets
    const UTC_OFFSET: i32 = 0;
    const ART_OFFSET: i32 = -3;
    
    println!(""Current time:"");
    println!(""Monrovia (Liberia): {:02}:{:02}:{:02}"", (hour as i32 + UTC_OFFSET) % 24, minute, second);
    println!(""Buenos Aires (Argentina): {:02}:{:02}:{:02}"", (hour as i32 + ART_OFFSET) % 24, minute, second);
}
```"
"Translate the following C++ code to Rust, ensuring the result is idiomatic, safe, and efficient. Utilize Rust best practices such as ownership, borrowing, and error handling with Result where applicable. Optimize for performance while maintaining readability, following Rust's rustfmt conventions. Ensure the translated code is well-structured, properly indented, and free of unnecessary allocations:
```
// C++ program to implement map container
#include <iostream>
#include <map>
#include <string>

using namespace std;

int main() {
    
    // Create a map of strings to integers
    // and inserting values
    map<string, int> map = {{""one"", 1},
    {""two"", 2}, {""three"", 3}};

    // Print the values in the map

    for (auto a : map) {
        cout << ""Key: "" << a.first <<
        "", values: "" << a.second << endl;
    }


    return 0;
}
```","Here is the translation from C++ to Rust.
```
use std::collections::HashMap;

fn main() {
    // Create a HashMap and insert values
    let mut map = HashMap::from([
        (""one"", 1),
        (""two"", 2),
        (""three"", 3),
    ]);

    // Print the values in the map
    for (key, value) in &map {
        println!(""Key: {}, Value: {}"", key, value);
    }
}
```"
"Translate the following C++ code to Rust, ensuring the result is idiomatic, safe, and efficient. Utilize Rust best practices such as ownership, borrowing, and error handling with Result where applicable. Optimize for performance while maintaining readability, following Rust's rustfmt conventions. Ensure the translated code is well-structured, properly indented, and free of unnecessary allocations:
```
// C++ program to illustrate the begin and end iterator
#include <iostream>
#include <map>
#include <string>
using namespace std;

int main()
{
    // Create a map of strings to integers
    map<string, int> mp;

    // Insert some values into the map
    mp[""one""] = 1;
    mp[""two""] = 2;
    mp[""three""] = 3;

    // Get an iterator pointing to the first element in the
    // map
    map<string, int>::iterator it = mp.begin();

    // Iterate through the map and print the elements
    while (it != mp.end()) {
        cout << ""Key: "" << it->first
             << "", Value: "" << it->second << endl;
        ++it;
    }

    return 0;
}
```","Here is the translation from C++ to Rust.
```
use std::collections::BTreeMap;

fn main() {
    // Create a BTreeMap of strings to integers
    let mut map = BTreeMap::new();

    // Insert some values into the map
    map.insert(""one"", 1);
    map.insert(""two"", 2);
    map.insert(""three"", 3);

    // Iterate through the map and print the elements
    for (key, value) in &map {
        println!(""Key: {}, Value: {}"", key, value);
    }
}
```"
"Translate the following C++ code to Rust, ensuring the result is idiomatic, safe, and efficient. Utilize Rust best practices such as ownership, borrowing, and error handling with Result where applicable. Optimize for performance while maintaining readability, following Rust's rustfmt conventions. Ensure the translated code is well-structured, properly indented, and free of unnecessary allocations:
```
// CPP Program to demonstrate the implementation in Map
#include <iostream>
#include <iterator>
#include <map>
using namespace std;

int main()
{

    // empty map container
    map<int, int> gquiz1;

    // insert elements in random order
    gquiz1.insert(pair<int, int>(1, 40));
    gquiz1.insert(pair<int, int>(2, 30));
    gquiz1.insert(pair<int, int>(3, 60));
    gquiz1.insert(pair<int, int>(4, 20));
    gquiz1.insert(pair<int, int>(5, 50));
    gquiz1.insert(pair<int, int>(6, 50));

    // another way of inserting a value in a map
    gquiz1[7] = 10;

    // printing map gquiz1
    map<int, int>::iterator itr;
    cout << ""\nThe map gquiz1 is : \n"";
    cout << ""\tKEY\tELEMENT\n"";
    for (itr = gquiz1.begin(); itr != gquiz1.end(); ++itr) {
        cout << '\t' << itr->first << '\t' << itr->second
             << '\n';
    }
    cout << endl;

    // assigning the elements from gquiz1 to gquiz2
    map<int, int> gquiz2(gquiz1.begin(), gquiz1.end());

    // print all elements of the map gquiz2
    cout << ""\nThe map gquiz2 after""
         << "" assign from gquiz1 is : \n"";
    cout << ""\tKEY\tELEMENT\n"";
    for (itr = gquiz2.begin(); itr != gquiz2.end(); ++itr) {
        cout << '\t' << itr->first << '\t' << itr->second
             << '\n';
    }
    cout << endl;

    // remove all elements up to
    // element with key=3 in gquiz2
    cout << ""\ngquiz2 after removal of""
            "" elements less than key=3 : \n"";
    cout << ""\tKEY\tELEMENT\n"";
    gquiz2.erase(gquiz2.begin(), gquiz2.find(3));
    for (itr = gquiz2.begin(); itr != gquiz2.end(); ++itr) {
        cout << '\t' << itr->first << '\t' << itr->second
             << '\n';
    }

    // remove all elements with key = 4
    int num;
    num = gquiz2.erase(4);
    cout << ""\ngquiz2.erase(4) : "";
    cout << num << "" removed \n"";
    cout << ""\tKEY\tELEMENT\n"";
    for (itr = gquiz2.begin(); itr != gquiz2.end(); ++itr) {
        cout << '\t' << itr->first << '\t' << itr->second
             << '\n';
    }

    cout << endl;

    // lower bound and upper bound for map gquiz1 key = 5
    cout << ""gquiz1.lower_bound(5) : ""
         << ""\tKEY = "";
    cout << gquiz1.lower_bound(5)->first << '\t';
    cout << ""\tELEMENT = "" << gquiz1.lower_bound(5)->second
         << endl;
    cout << ""gquiz1.upper_bound(5) : ""
         << ""\tKEY = "";
    cout << gquiz1.upper_bound(5)->first << '\t';
    cout << ""\tELEMENT = "" << gquiz1.upper_bound(5)->second
         << endl;

    return 0;
}
```","Here is the translation from C++ to Rust.
```
use std::collections::BTreeMap;

fn main() {
    // Create an empty BTreeMap (similar to std::map in C++)
    let mut gquiz1: BTreeMap<i32, i32> = BTreeMap::new();

    // Insert elements into the map
    gquiz1.insert(1, 40);
    gquiz1.insert(2, 30);
    gquiz1.insert(3, 60);
    gquiz1.insert(4, 20);
    gquiz1.insert(5, 50);
    gquiz1.insert(6, 50);

    // Another way to insert a value into the map (using indexing)
    gquiz1.insert(7, 10);

    // Printing the map gquiz1
    println!(""\nThe map gquiz1 is:"");
    println!(""\tKEY\tELEMENT"");
    for (key, value) in &gquiz1 {
        println!(""\t{}\t{}"", key, value);
    }

    // Assigning elements from gquiz1 to gquiz2
    let mut gquiz2 = gquiz1.clone();

    // Print all elements of the map gquiz2
    println!(""\nThe map gquiz2 after assigning from gquiz1 is:"");
    println!(""\tKEY\tELEMENT"");
    for (key, value) in &gquiz2 {
        println!(""\t{}\t{}"", key, value);
    }

    // Remove all elements up to (but not including) the element with key=3 in gquiz2
    println!(""\ngquiz2 after removal of elements less than key=3:"");
    gquiz2 = gquiz2.into_iter().skip_while(|&(key, _)| key < 3).collect();
    println!(""\tKEY\tELEMENT"");
    for (key, value) in &gquiz2 {
        println!(""\t{}\t{}"", key, value);
    }

    // Remove all elements with key = 4
    let num_removed = gquiz2.remove(&4).is_some() as i32;
    println!(""\ngquiz2.erase(4): {} removed"", num_removed);
    println!(""\tKEY\tELEMENT"");
    for (key, value) in &gquiz2 {
        println!(""\t{}\t{}"", key, value);
    }

    // Lower bound and upper bound for map gquiz1 with key = 5
    if let Some((key, value)) = gquiz1.range(5..).next() {
        println!(""\ngquiz1.lower_bound(5): \tKEY = {}\tELEMENT = {}"", key, value);
    }

    if let Some((key, value)) = gquiz1.range(5 + 1..).next() {
        println!(""gquiz1.upper_bound(5): \tKEY = {}\tELEMENT = {}"", key, value);
    }
}
```"
"Translate the following C++ code to Rust, ensuring the result is idiomatic, safe, and efficient. Utilize Rust best practices such as ownership, borrowing, and error handling with Result where applicable. Optimize for performance while maintaining readability, following Rust's rustfmt conventions. Ensure the translated code is well-structured, properly indented, and free of unnecessary allocations:
```
// CPP Program to demonstrate the 
// implementation of multiset
#include <iostream>
#include <iterator>
#include <set>

using namespace std;

int main()
{
    // empty multiset container
    multiset<int, greater<int> > gquiz1;

    // insert elements in random order
    gquiz1.insert(40);
    gquiz1.insert(30);
    gquiz1.insert(60);
    gquiz1.insert(20);
    gquiz1.insert(50);

    // 50 will be added again to
    // the multiset unlike set
    gquiz1.insert(50);
    gquiz1.insert(10);

    // printing multiset gquiz1
    multiset<int, greater<int> >::iterator itr;
    cout << ""\nThe multiset gquiz1 is : \n"";
    for (itr = gquiz1.begin(); itr != gquiz1.end(); ++itr) {
        cout << *itr << "" "";
    }
    cout << endl;

    // assigning the elements from gquiz1 to gquiz2
    multiset<int> gquiz2(gquiz1.begin(), gquiz1.end());

    // print all elements of the multiset gquiz2
    cout << ""\nThe multiset gquiz2 \n""
            ""after assign from gquiz1 is : \n"";
    for (itr = gquiz2.begin(); itr != gquiz2.end(); ++itr) {
        cout << *itr << "" "";
    }
    cout << endl;

    // remove all elements up to element
    // with value 30 in gquiz2
    cout << ""\ngquiz2 after removal \n""
            ""of elements less than 30 : \n"";
    gquiz2.erase(gquiz2.begin(), gquiz2.find(30));
    for (itr = gquiz2.begin(); itr != gquiz2.end(); ++itr) {
        cout << *itr << "" "";
    }

    // remove all elements with value 50 in gquiz2
    int num;
    num = gquiz2.erase(50);
    cout << ""\ngquiz2.erase(50) : \n"";
    cout << num << "" removed \n"";
    for (itr = gquiz2.begin(); itr != gquiz2.end(); ++itr) {
        cout << *itr << "" "";
    }

    cout << endl;

    // lower bound and upper bound for multiset gquiz1
    cout << ""\ngquiz1.lower_bound(40) : \n""
         << *gquiz1.lower_bound(40) << endl;
    cout << ""gquiz1.upper_bound(40) : \n""
         << *gquiz1.upper_bound(40) << endl;

    // lower bound and upper bound for multiset gquiz2
    cout << ""gquiz2.lower_bound(40) : \n""
         << *gquiz2.lower_bound(40) << endl;
    cout << ""gquiz2.upper_bound(40) : \n""
         << *gquiz2.upper_bound(40) << endl;

    return 0;
}
```","Here is the translation from C++ to Rust.
```
use std::collections::BinaryHeap;

fn main() {
    // Create an empty BinaryHeap (simulating a multiset with greater ordering)
    let mut gquiz1: BinaryHeap<i32> = BinaryHeap::new();

    // Insert elements in random order
    gquiz1.push(40);
    gquiz1.push(30);
    gquiz1.push(60);
    gquiz1.push(20);
    gquiz1.push(50);
    
    // 50 will be added again to the multiset, unlike set
    gquiz1.push(50);
    gquiz1.push(10);

    // Printing the multiset gquiz1
    println!(""\nThe multiset gquiz1 is:"");
    for value in gquiz1.clone().into_iter().collect::<Vec<_>>().into_iter().rev() {
        print!(""{} "", value);
    }
    println!();

    // Assigning the elements from gquiz1 to gquiz2
    let mut gquiz2: Vec<i32> = gquiz1.clone().into_vec();

    // Print all elements of the multiset gquiz2
    println!(""\nThe multiset gquiz2 after assign from gquiz1 is:"");
    for value in &gquiz2 {
        print!(""{} "", value);
    }
    println!();

    // Remove all elements up to element with value 30 in gquiz2
    println!(""\ngquiz2 after removal of elements less than 30:"");
    gquiz2.retain(|&x| x >= 30);
    for value in &gquiz2 {
        print!(""{} "", value);
    }
    println!();

    // Remove all elements with value 50 in gquiz2
    let original_len = gquiz2.len();
    gquiz2.retain(|&x| x != 50);
    let num_removed = original_len - gquiz2.len();
    println!(""\ngquiz2.erase(50):"");
    println!(""{} removed"", num_removed);
    for value in &gquiz2 {
        print!(""{} "", value);
    }
    println!();

    // Lower bound and upper bound for multiset gquiz1
    println!(""\ngquiz1.lower_bound(40):"");
    if let Some(&value) = gquiz1.iter().find(|&&x| x <= 40) {
        println!(""{}"", value);
    }

    println!(""gquiz1.upper_bound(40):"");
    if let Some(&value) = gquiz1.iter().find(|&&x| x > 40) {
        println!(""{}"", value);
    }

    // Lower bound and upper bound for multiset gquiz2
    println!(""gquiz2.lower_bound(40):"");
    if let Some(&value) = gquiz2.iter().find(|&&x| x <= 40) {
        println!(""{}"", value);
    }

    println!(""gquiz2.upper_bound(40):"");
    if let Some(&value) = gquiz2.iter().find(|&&x| x > 40) {
        println!(""{}"", value);
    }
}
```"
"Translate the following C++ code to Rust, ensuring the result is idiomatic, safe, and efficient. Utilize Rust best practices such as ownership, borrowing, and error handling with Result where applicable. Optimize for performance while maintaining readability, following Rust's rustfmt conventions. Ensure the translated code is well-structured, properly indented, and free of unnecessary allocations:
```
// CPP Code to remove an element from multiset which have
// same value
#include <bits/stdc++.h>
using namespace std;

int main()
{
    multiset<int> a;
    a.insert(10);
    a.insert(10);
    a.insert(10);

    // it will give output 3
    cout << a.count(10) << endl;

    // removing single instance from multiset

    // it will remove only one value of
    // 10 from multiset
    a.erase(a.find(10));

    // it will give output 2
    cout << a.count(10) << endl;

    // removing all instance of element from multiset
    // it will remove all instance of value 10
    a.erase(10);

    // it will give output 0 because all
    // instance of value is removed from
    // multiset
    cout << a.count(10) << endl;

    return 0;
}
```","Here is the translation from C++ to Rust.
```
use std::collections::HashMap;

fn main() {
    // Create a HashMap to simulate a multiset
    let mut a: HashMap<i32, i32> = HashMap::new();

    // Insert elements (10 appears 3 times)
    *a.entry(10).or_insert(0) += 1;
    *a.entry(10).or_insert(0) += 1;
    *a.entry(10).or_insert(0) += 1;

    // Output the count of 10
    println!(""{}"", a.get(&10).unwrap_or(&0));

    // Remove a single instance of 10
    if let Some(count) = a.get_mut(&10) {
        if *count > 0 {
            *count -= 1;
            if *count == 0 {
                a.remove(&10);
            }
        }
    }

    // Output the updated count of 10
    println!(""{}"", a.get(&10).unwrap_or(&0));

    // Remove all instances of 10
    a.remove(&10);

    // Output the count of 10 after removing all instances
    println!(""{}"", a.get(&10).unwrap_or(&0));
}
```"
"Translate the following C++ code to Rust, ensuring the result is idiomatic, safe, and efficient. Utilize Rust best practices such as ownership, borrowing, and error handling with Result where applicable. Optimize for performance while maintaining readability, following Rust's rustfmt conventions. Ensure the translated code is well-structured, properly indented, and free of unnecessary allocations:
```
// C++ program to handle  
// divide by zero exception 
#include <iostream> 
using namespace std; 
  
// Driver code 
int main()  
{ 
  int numerator = 5; 
  int denominator = 0; 
  int result; 
    
  try
  { 
    if(denominator == 0) 
    { 
      throw denominator; 
    } 
    result = numerator / denominator; 
  } 
  catch(int ex) 
  { 
    cout << ""Exception: Divide by zero not allowed :"" <<  
             ex << endl; 
  } 
  cout << ""Division Result is: "" << result; 
    
  return 0; 
}
```","Here is the translation from C++ to Rust.
```
fn main() {
    let numerator = 5;
    let denominator = 0;

    // Try dividing, and handle the result
    match divide(numerator, denominator) {
        Ok(result) => println!(""Division result is: {}"", result),
        Err(e) => println!(""Exception: Divide by zero not allowed: {}"", e),
    }
}

// Function to perform division and return a Result
fn divide(numerator: i32, denominator: i32) -> Result<i32, String> {
    if denominator == 0 {
        Err(""Cannot divide by zero"".to_string()) // Return an error if denominator is zero
    } else {
        Ok(numerator / denominator) // Return the result if division is valid
    }
}
```"
"Translate the following C++ code to Rust, ensuring the result is idiomatic, safe, and efficient. Utilize Rust best practices such as ownership, borrowing, and error handling with Result where applicable. Optimize for performance while maintaining readability, following Rust's rustfmt conventions. Ensure the translated code is well-structured, properly indented, and free of unnecessary allocations:
```
// C++ program to input an age integer  
// if the age is less than 18 then  
// return NO, but if the age is greater 
// than or equal to 18 then return Yes 
#include <iostream> 
using namespace std; 
  
// Driver code 
int main()  
{ 
  try 
  { 
    int age = 10; 
    if (age >= 18)  
    { 
      cout << ""YES, you are old enough.""; 
    }  
    else 
    { 
      throw (age); 
    } 
  } 
  catch (int num)  
  { 
    cout << ""No, You must be at least 18 years old"" << 
             endl; 
    cout << ""Age is: "" << num;   
  } 
  return 0; 
}
```","Here is the translation from C++ to Rust.
```
fn main() {
    let age = 10;

    // Try to check if the user is old enough
    match check_age(age) {
        Ok(_) => println!(""YES, you are old enough.""),
        Err(age) => {
            println!(""No, You must be at least 18 years old"");
            println!(""Age is: {}"", age);
        }
    }
}

// Function to check age and return Result
fn check_age(age: i32) -> Result<(), i32> {
    if age >= 18 {
        Ok(()) // Return Ok if age is 18 or more
    } else {
        Err(age) // Return an Err with the age if it is less than 18
    }
}
```"
"Translate the following C++ code to Rust, ensuring the result is idiomatic, safe, and efficient. Utilize Rust best practices such as ownership, borrowing, and error handling with Result where applicable. Optimize for performance while maintaining readability, following Rust's rustfmt conventions. Ensure the translated code is well-structured, properly indented, and free of unnecessary allocations:
```
// C++ program to define a  
// new exception 
#include <iostream> 
#include <exception> 
using namespace std; 
  
struct Exceptions : public exception  
{ 
   const char* Except() const throw ()  
   { 
      return ""CustomException""; 
   } 
}; 
   
// Driver code 
int main()  
{ 
  try 
  { 
    throw Exceptions(); 
  }  
  catch(Exceptions& it)  
  { 
    cout << ""Customised Exception caught"" <<  
             endl; 
    cout << it.Except() <<endl; 
  }  
  catch(std::exception& it)  
  {} 
}
```","Here is the translation from C++ to Rust.
```
use std::fmt;

// Define a custom error type
#[derive(Debug)]
struct CustomException;

impl fmt::Display for CustomException {
    fn fmt(&self, f: &mut fmt::Formatter) -> fmt::Result {
        write!(f, ""CustomException"")
    }
}

// Implement std::error::Error for CustomException
impl std::error::Error for CustomException {}

fn main() {
    // Try to simulate throwing an exception
    match throw_custom_exception() {
        Ok(_) => println!(""No exception thrown""),
        Err(e) => {
            println!(""Customised Exception caught"");
            println!(""{}"", e); // Display the custom exception message
        }
    }
}

// Function that ""throws"" a custom exception (returns a Result)
fn throw_custom_exception() -> Result<(), CustomException> {
    Err(CustomException) // Return the custom exception wrapped in Err
}
```"
"Translate the following C++ code to Rust, ensuring the result is idiomatic, safe, and efficient. Utilize Rust best practices such as ownership, borrowing, and error handling with Result where applicable. Optimize for performance while maintaining readability, following Rust's rustfmt conventions. Ensure the translated code is well-structured, properly indented, and free of unnecessary allocations:
```
// C++ program to handle
// exceptions
#include <iostream>
using namespace std;
 
int division(int a, int b)
{
  // Checking if the denominator 
  // is 0 or not.
  if (b == 0)
  {
    // If the denominator is 0, then 
    // we must throw an exception
    throw ""Division by zero!"";
  }
     
  // If there is no exception, then
  // we are returning the answer.
  return int(a / b);
}
 
// Driver code
int main()
{
  int x = 50;
  int y = 0;
  int answer = 0;
     
  /*
    Using a try catch block because in division, 
    the denominator can be 0. 
    So, we must handle the 0 division inside try block.
  */
  try
  {
    answer = division(x, y);
    cout << "" Output: "" << answer << endl;
  }
     
  // Printing the thrown exception from 
  // the function
  catch (const char *errorMessage)
  {
    cout << errorMessage << endl;
  }
   
  return 0;
}
```","Here is the translation from C++ to Rust.
```
use std::fmt;

// Custom error type to represent division by zero
#[derive(Debug)]
struct DivisionByZeroError;

impl fmt::Display for DivisionByZeroError {
    fn fmt(&self, f: &mut fmt::Formatter) -> fmt::Result {
        write!(f, ""Division by zero!"")
    }
}

// Function to perform division, returning a Result to handle errors
fn division(a: i32, b: i32) -> Result<i32, DivisionByZeroError> {
    if b == 0 {
        Err(DivisionByZeroError) // Return an error if division by zero occurs
    } else {
        Ok(a / b) // Return the result wrapped in Ok if the division is valid
    }
}

fn main() {
    let x = 50;
    let y = 0;

    // Use match to handle the Result returned from the division function
    match division(x, y) {
        Ok(answer) => println!(""Output: {}"", answer),
        Err(e) => println!(""{}"", e), // Print the error message if division by zero
    }
}
```"
"Translate the following C++ code to Rust, ensuring the result is idiomatic, safe, and efficient. Utilize Rust best practices such as ownership, borrowing, and error handling with Result where applicable. Optimize for performance while maintaining readability, following Rust's rustfmt conventions. Ensure the translated code is well-structured, properly indented, and free of unnecessary allocations:
```
// C++ program to demonstrate  
// array index out of bounds 
// exception 
#include <iostream> 
using namespace std; 
  
int main() 
{ 
    // initialize an array of  
    // size 5 with numbers from 1 to 
    // 5 
    int a[5] = { 1, 2, 3, 4, 5 }, i; 
    
    // try block starts here 
    try { 
        i = 0; // initialize i with 0 
               // loop for printing value of array till its 
               // size 5 
        while (1) { 
            if (i != 5) { 
                cout << a[i] << endl; 
                i++; 
            } 
            // if i go beyond 5 then throw exception 
            else
                throw i; 
        } 
    } 
    // catch the exception 
    catch (int i) { 
        cout << ""Array Index out of Bounds Exception: "" << i 
             << endl; 
    } 
    return 0; 
}
```","Here is the translation from C++ to Rust.
```
fn main() {
    // Initialize an array of size 5 with numbers from 1 to 5
    let a = [1, 2, 3, 4, 5];

    let mut i = 0;

    // Loop for printing values, using safe indexing
    while let Some(&value) = a.get(i) {
        println!(""{}"", value);
        i += 1;
    }

    // If we reach this point, it means we attempted to access out of bounds
    println!(""Array Index out of Bounds Exception: {}"", i);
}
```"
"Translate the following C++ code to Rust, ensuring the result is idiomatic, safe, and efficient. Utilize Rust best practices such as ownership, borrowing, and error handling with Result where applicable. Optimize for performance while maintaining readability, following Rust's rustfmt conventions. Ensure the translated code is well-structured, properly indented, and free of unnecessary allocations:
```
// C++ program to throw multiple 
// exceptions and define 
// multiple catch statement 
#include <iostream> 
using namespace std; 
  
// function to check if number is 
// positive, negative or zero 
void num(int k) 
{ 
    try { 
        if (k == 0) 
            throw k; // throwing int value 
        
        else if (k > 0) 
            throw 'P'; // throwing char value 
        
        else if (k < 0) 
            throw 1.0; // throwing double value 
        
        cout << ""*** end of try block ***\n""; 
    } 
    // catching char value 
    catch (char g) { 
        cout << ""Caught a positive value \n""; 
    } 
    // catching integer value 
    catch (int j) { 
        cout << ""caught an null value \n""; 
    } 
    // catching double value 
    catch (double f) { 
        cout << ""Caught a Negative value \n""; 
    } 
  
    cout << ""*** end of try catch ***\n \n""; 
} 
int main() 
{ 
    cout << ""Demo of Multiple catches"" << endl; 
    num(0); // function call for zero 
    num(5); // function call for positive 
    num(-1); // function call for negative 
    return 0; 
}
```","Here is the translation from C++ to Rust.
```
#[derive(Debug)]
enum ErrorType {
    NullValue(i32),
    PositiveValue(char),
    NegativeValue(f64),
}

fn num(k: i32) -> Result<(), ErrorType> {
    if k == 0 {
        return Err(ErrorType::NullValue(k));
    } else if k > 0 {
        return Err(ErrorType::PositiveValue('P'));
    } else {
        return Err(ErrorType::NegativeValue(1.0));
    }
}

fn main() {
    println!(""Demo of Multiple Matches"");

    for &value in &[0, 5, -1] {
        match num(value) {
            Err(ErrorType::NullValue(_)) => println!(""Caught a null value""),
            Err(ErrorType::PositiveValue(_)) => println!(""Caught a positive value""),
            Err(ErrorType::NegativeValue(_)) => println!(""Caught a negative value""),
            _ => {}
        }
        println!(""*** End of match block ***\n"");
    }
}
```"
"Translate the following C++ code to Rust, ensuring the result is idiomatic, safe, and efficient. Utilize Rust best practices such as ownership, borrowing, and error handling with Result where applicable. Optimize for performance while maintaining readability, following Rust's rustfmt conventions. Ensure the translated code is well-structured, properly indented, and free of unnecessary allocations:
```
// Program to depict Exception Handling
// Using stack unwinding

#include <iostream>
#include <stdexcept>
using namespace std;

// defining the CheckDenominator function
float CheckDenominator(float den)
{

    // if denominator is zero
    // throw exception
    if (den == 0) {
        throw runtime_error(""Math error: Attempted to divide by zero\n"");
    }
    else
        return den;
} // end CheckDenominator

// defining Division function
float Division(float num, float den)
{
    // Division function calls CheckDenominator
    return (num / CheckDenominator(den));

} // end Division

int main()
{
    float numerator, denominator, result;
    numerator = 12.5;
    denominator = 0;

    // try block calls the Division function
    try {
        result = Division(numerator, denominator);

        // This will not print in this example
        cout << ""The quotient is ""
             << result << endl;
    }

    // catch block catches exception if any
    catch (runtime_error& e) {

        // prints that exception has occurred
        // calls the what function using object of
        // runtime_error class
        cout << ""Exception occurred"" << endl
             << e.what();
    }
} // end main
```","Here is the translation from C++ to Rust.
```
fn check_denominator(den: f32) -> Result<f32, String> {
    if den == 0.0 {
        Err(String::from(""Math error: Attempted to divide by zero""))
    } else {
        Ok(den)
    }
}

fn division(num: f32, den: f32) -> Result<f32, String> {
    match check_denominator(den) {
        Ok(valid_den) => Ok(num / valid_den),
        Err(e) => Err(e),
    }
}

fn main() {
    let numerator = 12.5;
    let denominator = 0.0;

    match division(numerator, denominator) {
        Ok(result) => println!(""The quotient is {}"", result),
        Err(e) => println!(""Exception occurred:\n{}"", e),
    }
}
```"
"Translate the following C++ code to Rust, ensuring the result is idiomatic, safe, and efficient. Utilize Rust best practices such as ownership, borrowing, and error handling with Result where applicable. Optimize for performance while maintaining readability, following Rust's rustfmt conventions. Ensure the translated code is well-structured, properly indented, and free of unnecessary allocations:
```
// C++ program to read contents from 
// one file and write it to another file 
#include<bits/stdc++.h> 
using namespace std; 

// Driver code 
int main() 
{ 
// Input file stream object to 
// read from file.txt 
ifstream in(""file1.txt""); 
	
// Output file stream object to 
// write to file2.txt 
ofstream f(""file2.txt""); 
	
// Reading file.txt completely using 
// END OF FILE eof() method 
while(!in.eof()) 
{ 
	// string to extract line from 
	// file.txt 
	string text; 
		
	// extracting line from file.txt 
	getline(in, text); 
		
	// Writing the extracted line in 
	// file2.txt 
	f << text << endl; 
} 
return 0; 
}
```",
"Translate the following C++ code to Rust, ensuring the result is idiomatic, safe, and efficient. Utilize Rust best practices such as ownership, borrowing, and error handling with Result where applicable. Optimize for performance while maintaining readability, following Rust's rustfmt conventions. Ensure the translated code is well-structured, properly indented, and free of unnecessary allocations:
```
// C++ program to read contents from 
// one file and write it to another file 
#include<bits/stdc++.h> 
using namespace std; 

// Driver code 
int main() 
{ 
// Input file stream object to 
// read from file.txt 
ifstream in(""file1.txt""); 
        
// Output file stream object to 
// write to file2.txt 
ofstream f(""file2.txt""); 
        
// Reading file.txt completely using 
// END OF FILE eof() method 
while(!in.eof()) 
{ 
        // string to extract line from 
        // file.txt 
        string text; 
                
        // extracting line from file.txt 
        getline(in, text); 
                
        // Writing the extracted line in 
        // file2.txt 
        f << text << endl; 
} 
return 0; 
}
```","Here is the translation from C++ to Rust.
```
use std::fs::File;
use std::io::{self, BufRead, BufReader, Write};

fn main() -> io::Result<()> {
    // Open the input file for reading
    let input_file = File::open(""file1.txt"")?;
    let reader = BufReader::new(input_file);

    // Open the output file for writing
    let mut output_file = File::create(""file2.txt"")?;

    // Read the input file line by line and write to the output file
    for line in reader.lines() {
        let text = line?; // Handle potential errors while reading lines
        writeln!(output_file, ""{}"", text)?; // Write the line to the output file
    }

    Ok(())
}
```"
"Translate the following C++ code to Rust, ensuring the result is idiomatic, safe, and efficient. Utilize Rust best practices such as ownership, borrowing, and error handling with Result where applicable. Optimize for performance while maintaining readability, following Rust's rustfmt conventions. Ensure the translated code is well-structured, properly indented, and free of unnecessary allocations:
```
#include <fstream>
#include <iostream>
using namespace std;

int main(){
    //using ofstream for output file operations.
    ofstream file;

    // Opening file ""Gfg.txt"" in write mode.
    file.open(""Gfg.txt"");

    // Check if the file was successfully created.
    if (!file.is_open())
    {
        cout << ""Error in creating file!"" << endl;
      
       // Return a non-zero value to indicate an error.
        return 1;
    }
    cout << ""File created successfully."" << endl;

    // Close the file to free up resources.
    file.close();
    return 0;
}
```","Here is the translation from C++ to Rust.
```
use std::fs::File;
use std::io::{self, Write};

fn main() -> io::Result<()> {
    // Attempt to create the file ""Gfg.txt""
    match File::create(""Gfg.txt"") {
        Ok(mut file) => {
            println!(""File created successfully."");
            file.flush()?; // Ensure the file is properly written before closing
            Ok(())
        }
        Err(e) => {
            eprintln!(""Error in creating file: {}"", e);
            Err(e) // Propagate the error
        }
    }
}
```"
"Translate the following C++ code to Rust, ensuring the result is idiomatic, safe, and efficient. Utilize Rust best practices such as ownership, borrowing, and error handling with Result where applicable. Optimize for performance while maintaining readability, following Rust's rustfmt conventions. Ensure the translated code is well-structured, properly indented, and free of unnecessary allocations:
```
// C++ program to create a temporary file
// read and write to a temporary file.
#include <cstdio>
#include <cstdlib>
#include <iostream>

using namespace std;

// Driver code
int main()
{
        // Creating a file pointer which 
        // points to the temporary file 
        // created by tmpfile() method
        FILE* fp = tmpfile();

        // Content to be written in temporary file
        char write[] = ""Hello World!"";

        // If file pointer is NULL there is 
        // error in creating the file
        if (fp == NULL) 
        {
                perror(""Error creating temporary file"");
                exit(1);
        }

        // Writing in temporary file the content
        fputs(write, fp);
        rewind(fp);

        // Reading content from temporary file 
        // and displaying it
        char read[100];
        fgets(read, sizeof(read), fp);
        cout << read;

        // Closing the file. Temporary file will 
        // also be deleted here
        fclose(fp);

        return 0;
}
```","Here is the translation from C++ to Rust.
```
use std::fs::File;
use std::io::{self, Write, Read, Seek, SeekFrom};
use tempfile::NamedTempFile;

fn main() -> io::Result<()> {
    // Create a temporary file
    let mut temp_file = NamedTempFile::new().map_err(|e| {
        eprintln!(""Error creating temporary file: {}"", e);
        e
    })?;

    // Content to be written in the temporary file
    let content = ""Hello World!"";

    // Write content to the temporary file
    temp_file.write_all(content.as_bytes())?;
    
    // Seek back to the beginning before reading
    temp_file.as_file_mut().seek(SeekFrom::Start(0))?;

    // Read the content from the temporary file
    let mut buffer = String::new();
    temp_file.as_file_mut().read_to_string(&mut buffer)?;

    // Print the content
    println!(""{}"", buffer);

    // The file will be automatically deleted when `temp_file` goes out of scope
    Ok(())
}
```"
"Translate the following C++ code to Rust, ensuring the result is idiomatic, safe, and efficient. Utilize Rust best practices such as ownership, borrowing, and error handling with Result where applicable. Optimize for performance while maintaining readability, following Rust's rustfmt conventions. Ensure the translated code is well-structured, properly indented, and free of unnecessary allocations:
```
// C++ program to make the file
// in read-only mode using fstream
#include <fstream>
#include <iostream>
using namespace std;
int main()
{
    fstream readFile;
    // opening a file in read mode
    readFile.open(""test.txt"", ios::in);
    if (!readFile)
        cout << ""No such file exist"";
    else {
        char c;
        while (1) {
            readFile >> c;
            if (readFile.eof())
                break;
            cout << c;
        }
    }
    // closing the file
    readFile.close();
    return 0;
}
```","Here is the translation from C++ to Rust.
```
use std::fs::File;
use std::io::{self, Read};

fn main() -> io::Result<()> {
    // Attempt to open the file in read-only mode
    let mut file = File::open(""test.txt"").map_err(|e| {
        eprintln!(""No such file exists: {}"", e);
        e
    })?;

    // Read the file content into a string
    let mut content = String::new();
    file.read_to_string(&mut content)?;

    // Print the file contents
    print!(""{}"", content);

    Ok(())
}
```"
"Translate the following C++ code to Rust, ensuring the result is idiomatic, safe, and efficient. Utilize Rust best practices such as ownership, borrowing, and error handling with Result where applicable. Optimize for performance while maintaining readability, following Rust's rustfmt conventions. Ensure the translated code is well-structured, properly indented, and free of unnecessary allocations:
```
// C++ Program to demonstrate 
// copying the content of a .txt file 
#include <fstream> 
#include <iostream> 
using namespace std; 

int main() 
{ 
        string line; 
        // For writing text file 
        // Creating ofstream & ifstream class object 
        ifstream ini_file{ 
                ""original.txt""
        }; // This is the original file 
        ofstream out_file{ ""copy.txt"" }; 
        if (ini_file && out_file) { 

                while (getline(ini_file, line)) { 
                        out_file << line << ""\n""; 
                } 
                cout << ""Copy Finished \n""; 
        } 
        else { 
                // Something went wrong 
                printf(""Cannot read File""); 
        } 
        // Closing file 
        ini_file.close(); 
        out_file.close(); 
        return 0; 
}
```","Here is the translation from C++ to Rust.
```
use std::fs::File;
use std::io::{self, BufRead, BufReader, Write};

fn main() -> io::Result<()> {
    // Attempt to open the original file for reading
    let input_file = File::open(""original.txt"")?;
    let reader = BufReader::new(input_file);

    // Attempt to create the destination file for writing
    let mut output_file = File::create(""copy.txt"")?;

    // Read line-by-line and write to the new file
    for line in reader.lines() {
        writeln!(output_file, ""{}"", line?)?;
    }

    println!(""Copy Finished"");

    Ok(())
}
```"
"Translate the following C++ code to Rust, ensuring the result is idiomatic, safe, and efficient. Utilize Rust best practices such as ownership, borrowing, and error handling with Result where applicable. Optimize for performance while maintaining readability, following Rust's rustfmt conventions. Ensure the translated code is well-structured, properly indented, and free of unnecessary allocations:
```
// C++ program to Append and Read text of text files
#include <bits/stdc++.h>

using namespace std;
int main()
{
        // open file in read mode to read it's content
        FILE* file = fopen(""file.txt"", ""r"");

        // open file in append mode to append read content
        FILE* file2 = fopen(""file2.txt"", ""a"");
        if (file2 == NULL) {
                cout << ""file not found"";
                return 1;
        }
        else if (file == NULL) {
                cout << ""file not found"";
                return 1;
        }

        // Read contents from file
        char ch = fgetc(file);
        while (ch != EOF) {
        
                // print read content from file in file2
                fprintf(file2, ""%c"", ch);
                ch = fgetc(file);
        }
        fclose(file);
        fclose(file2);

        // open file 2 again in read mode to read the content
        FILE* file3 = fopen(""file2.txt"", ""r"");

        // Read contents from file
        char ch2 = fgetc(file3);
        while (ch2 != EOF) {
        
                // print read content from file
                printf(""%c"", ch2);
                ch2 = fgetc(file3);
        }
        fclose(file3);
}
```","Here is the translation from C++ to Rust.
```
use std::fs::{File, OpenOptions};
use std::io::{self, BufReader, BufWriter, Read, Write};

fn main() -> io::Result<()> {
    // Open the source file for reading
    let source_file = File::open(""file.txt"")?;
    let mut reader = BufReader::new(source_file);

    // Open the destination file in append mode
    let dest_file = OpenOptions::new().append(true).create(true).open(""file2.txt"")?;
    let mut writer = BufWriter::new(dest_file);

    // Copy contents from source to destination
    let mut buffer = Vec::new();
    reader.read_to_end(&mut buffer)?;
    writer.write_all(&buffer)?;

    // Ensure all writes are flushed
    writer.flush()?;

    // Reopen file2.txt to read and display its contents
    let mut file2 = File::open(""file2.txt"")?;
    let mut content = String::new();
    file2.read_to_string(&mut content)?;
    
    // Print the content of file2.txt
    print!(""{}"", content);

    Ok(())
}
```"
"Translate the following C++ code to Rust, ensuring the result is idiomatic, safe, and efficient. Utilize Rust best practices such as ownership, borrowing, and error handling with Result where applicable. Optimize for performance while maintaining readability, following Rust's rustfmt conventions. Ensure the translated code is well-structured, properly indented, and free of unnecessary allocations:
```
// C++ program to demonstrate appending of
// a string using fstream
#include <fstream>
#include <string>
#include <iostream>
using namespace std;
int main()
{
        fstream f;
        f.open(""test.txt"", ios::app);
        if (!f)
                cout << ""No such file found"";
        else {
                f << "" String_fstream"";
                cout << ""Data appended successfully\n"";
                f.close();
                string word;
                f.open(""test.txt"");
                while (f >> word) {
                        cout << word << "" "";
                }
                f.close();
        }
        return 0;
}
```","Here is the translation from C++ to Rust.
```
use std::fs::{File, OpenOptions};
use std::io::{self, BufRead, BufReader, Write};

fn main() -> io::Result<()> {
    // Open file in append mode
    let mut file = OpenOptions::new().append(true).create(true).open(""test.txt"")?;

    // Append the string to the file
    writeln!(file, "" String_fstream"")?;
    println!(""Data appended successfully"");

    // Reopen file in read mode
    let file = File::open(""test.txt"")?;
    let reader = BufReader::new(file);

    // Read and print words from file
    for line in reader.lines() {
        match line {
            Ok(content) => print!(""{} "", content),
            Err(e) => eprintln!(""Error reading line: {}"", e),
        }
    }

    Ok(())
}
```"
"Translate the following C++ code to Rust, ensuring the result is idiomatic, safe, and efficient. Utilize Rust best practices such as ownership, borrowing, and error handling with Result where applicable. Optimize for performance while maintaining readability, following Rust's rustfmt conventions. Ensure the translated code is well-structured, properly indented, and free of unnecessary allocations:
```
// C++ program to demonstrate
// prefix increment operator overloading
 
#include <bits/stdc++.h>
using namespace std;
 
class Integer {
private:
    int i;
 
public:
    // Parameterised constructor
    Integer(int i = 0)
    {
        this->i = i;
    }
 
    // Overloading the prefix operator
    Integer& operator++()
    {
        ++i;
        // returned value should be a reference to *this
        return *this;
    }
 
    // Function to display the value of i
    void display()
    {
        cout << ""i = "" << i << endl;
    }
};
 
// Driver function
int main()
{
    Integer i1(3);
 
    cout << ""Before increment: "";
    i1.display();
 
    // Using the pre-increment operator
    Integer i2 = ++i1;
 
    cout << ""After pre increment: "" << endl;
    cout << ""i1: "";
    i1.display();
    cout << ""i2: "";  
    i2.display();
}
```","Here is the translation from C++ to Rust.
```
use std::fmt;

// Define an Integer struct
#[derive(Clone, Copy)]
struct Integer {
    i: i32,
}

impl Integer {
    // Constructor equivalent
    fn new(i: i32) -> Self {
        Self { i }
    }

    // Overloading the prefix increment operator (mutable method)
    fn increment(&mut self) -> Self {
        self.i += 1;
        *self // Return a new Integer with updated value
    }

    // Display function
    fn display(&self) {
        println!(""i = {}"", self.i);
    }
}

// Implement Debug trait for easy printing
impl fmt::Debug for Integer {
    fn fmt(&self, f: &mut fmt::Formatter<'_>) -> fmt::Result {
        write!(f, ""i = {}"", self.i)
    }
}

// Driver function
fn main() {
    let mut i1 = Integer::new(3);

    print!(""Before increment: "");
    i1.display();

    // Using the increment method
    let i2 = i1.increment(); // Now correctly returning an Integer

    println!(""After pre increment:"");
    print!(""i1: "");
    i1.display();
    print!(""i2: "");
    i2.display();
}
```"
"Translate the following C++ code to Rust, ensuring the result is idiomatic, safe, and efficient. Utilize Rust best practices such as ownership, borrowing, and error handling with Result where applicable. Optimize for performance while maintaining readability, following Rust's rustfmt conventions. Ensure the translated code is well-structured, properly indented, and free of unnecessary allocations:
```
// C++ program to demonstrate
// postfix decrement operator
// overloading
#include <bits/stdc++.h>
using namespace std;

class Integer {
private:
        int i;

public:
        // Parameterised constructor
        Integer(int i = 0)
        {
                this->i = i;
        }

        // Overloading the postfix operator
        Integer operator--(int)
        {
                // returned value should be a copy of the object before decrement
                Integer temp = *this;
                --i;
                return temp;
        }

        // Function to display the value of i
        void display()
        {
                cout << ""i = "" << i << endl;
        }
};

// Driver function
int main()
{
        Integer i1(3);

        cout << ""Before decrement: "";
        i1.display();

        // Using the post-decrement operator
        Integer i2 = i1--;

        cout << ""After post decrement: "" << endl;
        cout << ""i1: "";
        i1.display();
        cout << ""i2: ""; 
        i2.display();
}
```","Here is the translation from C++ to Rust.
```
use std::fmt;

// Define an Integer struct
#[derive(Clone, Copy)]
struct Integer {
    i: i32,
}

impl Integer {
    // Constructor equivalent
    fn new(i: i32) -> Self {
        Self { i }
    }

    // Overloading the postfix decrement operator
    fn decrement_postfix(&mut self) -> Self {
        let temp = *self; // Store current value
        self.i -= 1; // Decrement the original
        temp // Return the old value
    }

    // Display function
    fn display(&self) {
        println!(""i = {}"", self.i);
    }
}

// Implement Debug trait for easy printing
impl fmt::Debug for Integer {
    fn fmt(&self, f: &mut fmt::Formatter<'_>) -> fmt::Result {
        write!(f, ""i = {}"", self.i)
    }
}

// Driver function
fn main() {
    let mut i1 = Integer::new(3);

    print!(""Before decrement: "");
    i1.display();

    // Using the post-decrement operator equivalent
    let i2 = i1.decrement_postfix();

    println!(""After post decrement:"");
    print!(""i1: "");
    i1.display();
    print!(""i2: "");
    i2.display();
}
```"
"Translate the following C++ code to Rust, ensuring the result is idiomatic, safe, and efficient. Utilize Rust best practices such as ownership, borrowing, and error handling with Result where applicable. Optimize for performance while maintaining readability, following Rust's rustfmt conventions. Ensure the translated code is well-structured, properly indented, and free of unnecessary allocations:
```
// C++ Program to illustrate the abstract class and virtual
// functions
#include <iostream>
using namespace std;

class Base {
    // private member variable
    int x;

public:
    // pure virtual function
    virtual void fun() = 0;

    // getter function to access x
    int getX() { return x; }
};

// This class inherits from Base and implements fun()
class Derived : public Base {
    // private member variable
    int y;

public:
    // implementation of the pure virtual function
    void fun() { cout << ""fun() called""; }
};

int main(void)
{
    // creating an object of Derived class
    Derived d;

    // calling the fun() function of Derived class
    d.fun();

    return 0;
}
```","Here is the translation from C++ to Rust.
```
// Define a trait (equivalent to an abstract class in C++)
trait Base {
    fn fun(&self);
}

// Define a struct that implements the Base trait
struct Derived {
    y: i32, // Private member equivalent
}

impl Derived {
    // Constructor function for Derived
    fn new(y: i32) -> Self {
        Self { y }
    }
}

// Implementing the Base trait for Derived
impl Base for Derived {
    fn fun(&self) {
        println!(""fun() called"");
    }
}

// Driver function
fn main() {
    // Creating an object of Derived
    let d = Derived::new(0);

    // Calling the fun() function
    d.fun();
}
```"
"Translate the following C++ code to Rust, ensuring the result is idiomatic, safe, and efficient. Utilize Rust best practices such as ownership, borrowing, and error handling with Result where applicable. Optimize for performance while maintaining readability, following Rust's rustfmt conventions. Ensure the translated code is well-structured, properly indented, and free of unnecessary allocations:
```
// C++ program to demonstrate that
// an abstract class can have constructors.

#include <iostream>
using namespace std;

// An abstract class with constructor
class Base {
protected:
    // protected member variable
    int x;

public:
    // pure virtual function
    virtual void fun() = 0;

    // constructor of Base class
    Base(int i)
    {
        x = i;
        cout << ""Constructor of base called\n"";
    }
};

class Derived : public Base {
    // private member variable
    int y;

public:
    // calling the constructor of Base class
    Derived(int i, int j)
        : Base(i)
    {
        y = j;
    }

    // implementation of pure virtual function
    void fun()
    {
        cout << ""x = "" << x << "", y = "" << y << '\n';
    }
};

int main(void)
{
    // creating an object of Derived class
    Derived d(4, 5);

    // calling the fun() function of Derived class
    d.fun();

    // creating an object of Derived class using
    // a pointer of the Base class
    Base* ptr = new Derived(6, 7);

    // calling the fun() function using the
    // pointer
    ptr->fun();

    return 0;
}
```","Here is the translation from C++ to Rust.
```
// Define a trait (equivalent to an abstract class in C++)
trait Base {
    fn fun(&self);
}

// Define a struct to hold shared data (equivalent to Base class)
struct BaseStruct {
    x: i32,
}

impl BaseStruct {
    // Constructor for BaseStruct
    fn new(x: i32) -> Self {
        println!(""Constructor of base called"");
        Self { x }
    }
}

// Define a struct that extends BaseStruct (equivalent to Derived)
struct Derived {
    base: BaseStruct, // Composition instead of inheritance
    y: i32,
}

impl Derived {
    // Constructor for Derived
    fn new(i: i32, j: i32) -> Self {
        Self {
            base: BaseStruct::new(i),
            y: j,
        }
    }
}

// Implementing the Base trait for Derived
impl Base for Derived {
    fn fun(&self) {
        println!(""x = {}, y = {}"", self.base.x, self.y);
    }
}

// Driver function
fn main() {
    // Creating an instance of Derived
    let d = Derived::new(4, 5);
    d.fun();

    // Using a trait object for polymorphism
    let ptr: Box<dyn Base> = Box::new(Derived::new(6, 7));
    ptr.fun();
}
```"
"Translate the following C++ code to Rust, ensuring the result is idiomatic, safe, and efficient. Utilize Rust best practices such as ownership, borrowing, and error handling with Result where applicable. Optimize for performance while maintaining readability, following Rust's rustfmt conventions. Ensure the translated code is well-structured, properly indented, and free of unnecessary allocations:
```
// Implementation of Singleton Class 
// in C++
#include <iostream>
#include <mutex>
using namespace std;

class Singleton {
private:
    // Member variables
    string name, loves;

    // Static pointer to the Singleton instance
    static Singleton* instancePtr;

    // Mutex to ensure thread safety
    static mutex mtx;

    // Private Constructor
    Singleton() {}

public:
    // Deleting the copy constructor to prevent copies
    Singleton(const Singleton& obj) = delete;

    // Static method to get the Singleton instance
    static Singleton* getInstance() {
        if (instancePtr == nullptr) {
            lock_guard<mutex> lock(mtx);
            if (instancePtr == nullptr) {
                instancePtr = new Singleton();
            }
        }
        return instancePtr;
    }

    // Method to set values
    void setValues(const string& name, const string& loves) {
        this->name = name;
        this->loves = loves;
    }

    // Method to print values
    void print() const {
        cout << name << "" Loves "" << loves << ""."" << endl;
    }
};

// Initialize static members
Singleton* Singleton::instancePtr = nullptr;
mutex Singleton::mtx;

// Driver code
int main() {
    Singleton* s1 = Singleton::getInstance();
    s1->setValues(""Manish"", ""Tea"");
    s1->print();

    Singleton* s2 = Singleton::getInstance();
    s2->setValues(""Vartika"", ""Tea"");
    s2->print();

    return 0;
}
```","Here is the translation from C++ to Rust.
```
use std::sync::{Arc, Mutex, OnceLock};

// Define a thread-safe Singleton struct
#[derive(Debug)]
struct Singleton {
    name: String,
    loves: String,
}

// Implement methods for Singleton
impl Singleton {
    // Private constructor (enforced via Singleton pattern)
    fn new() -> Self {
        Self {
            name: String::new(),
            loves: String::new(),
        }
    }

    // Set values for Singleton instance
    fn set_values(&mut self, name: &str, loves: &str) {
        self.name = name.to_string();
        self.loves = loves.to_string();
    }

    // Print values
    fn print(&self) {
        println!(""{} Loves {}."", self.name, self.loves);
    }
}

// Thread-safe Singleton implementation
struct SingletonManager;

impl SingletonManager {
    // Static instance stored using OnceLock (lazy, thread-safe initialization)
    fn get_instance() -> Arc<Mutex<Singleton>> {
        static INSTANCE: OnceLock<Arc<Mutex<Singleton>>> = OnceLock::new();
        INSTANCE.get_or_init(|| Arc::new(Mutex::new(Singleton::new()))).clone()
    }
}

// Driver function
fn main() {
    let singleton1 = SingletonManager::get_instance();
    {
        let mut s1 = singleton1.lock().unwrap();
        s1.set_values(""Manish"", ""Tea"");
        s1.print();
    }

    let singleton2 = SingletonManager::get_instance();
    {
        let mut s2 = singleton2.lock().unwrap();
        s2.set_values(""Vartika"", ""Tea"");
        s2.print();
    }

    // Proving that both instances are the same
    println!(
        ""Are s1 and s2 the same instance? {}"",
        Arc::ptr_eq(&singleton1, &singleton2)
    );
}
```"
"Translate the following C++ code to Rust, ensuring the result is idiomatic, safe, and efficient. Utilize Rust best practices such as ownership, borrowing, and error handling with Result where applicable. Optimize for performance while maintaining readability, following Rust's rustfmt conventions. Ensure the translated code is well-structured, properly indented, and free of unnecessary allocations:
```
// C++ program to swap two
// numbers without using 3rd
// variable
#include <bits/stdc++.h>
using namespace std;

// Driver code
int main()
{
    int a = 2, b = 3;

    cout << ""Before swapping a = "" << a << "" , b = "" << b
         << endl;

    // applying algorithm
    b = a + b;
    a = b - a;
    b = b - a;

    cout << ""After swapping a = "" << a << "" , b = "" << b
         << endl;
    return 0;
}
```","Here is the translation from C++ to Rust.
```
fn main() {
    let mut a = 2;
    let mut b = 3;

    println!(""Before swapping: a = {}, b = {}"", a, b);

    // Swapping without a third variable
    b = a + b;
    a = b - a;
    b = b - a;

    println!(""After swapping: a = {}, b = {}"", a, b);
}
```"
"Translate the following C++ code to Rust, ensuring the result is idiomatic, safe, and efficient. Utilize Rust best practices such as ownership, borrowing, and error handling with Result where applicable. Optimize for performance while maintaining readability, following Rust's rustfmt conventions. Ensure the translated code is well-structured, properly indented, and free of unnecessary allocations:
```
// A Better (than Naive) Solution 
// to find all divisors 
#include <iostream> 
#include <math.h> 
using namespace std; 

// Function to print the divisors 
void printDivisors(int n) 
{ 
        // Note that this loop runs 
        // till square root 
        for (int i = 1; i <= sqrt(n); i++) 
        { 
                if (n % i == 0) 
                { 
                        // If divisors are equal, 
                        // print only one 
                        if (n / i == i) 
                                cout <<"" ""<< i; 

                        // Otherwise print both 
                        else
                                cout << "" ""<< i << "" "" << n / i; 
                } 
        } 
} 

// Driver code 
int main() 
{ 
        cout <<""The divisors of 100 are: ""; 
        printDivisors(100); 
        return 0; 
} 

// This code is contributed by shivanisinghss2110
```","Here is the translation from C++ to Rust.
```
use std::io;

fn print_divisors(n: u32) {
    let sqrt_n = (n as f64).sqrt() as u32;
    for i in 1..=sqrt_n {
        if n % i == 0 {
            if n / i == i {
                print!("" {}"", i);
            } else {
                print!("" {} {}"", i, n / i);
            }
        }
    }
    println!();
}

fn main() {
    println!(""The divisors of 100 are:"");
    print_divisors(100);
}
```"
"Translate the following C++ code to Rust, ensuring the result is idiomatic, safe, and efficient. Utilize Rust best practices such as ownership, borrowing, and error handling with Result where applicable. Optimize for performance while maintaining readability, following Rust's rustfmt conventions. Ensure the translated code is well-structured, properly indented, and free of unnecessary allocations:
```
// C++ program to illustrate
// working with integers in
// power function
#include <bits/stdc++.h>
using namespace std;
int main()
{
    int a, b;

    // Using typecasting for
    // integer result
    a = (int)(pow(5, 2) + 0.5);
    b = round(pow(5,2));
    cout << a << endl << b ;

    return 0;
}
```","Here is the translation from C++ to Rust.
```
fn main() {
    let a = (5_i32.pow(2));
    let b = (5_f64.powi(2)).round() as i32;

    println!(""{}\n{}"", a, b);
}
```"
"Translate the following C++ code to Rust, ensuring the result is idiomatic, safe, and efficient. Utilize Rust best practices such as ownership, borrowing, and error handling with Result where applicable. Optimize for performance while maintaining readability, following Rust's rustfmt conventions. Ensure the translated code is well-structured, properly indented, and free of unnecessary allocations:
```
#include <iostream>
using namespace std;

// Driver code
int main()
{
        int n = 153;
        int temp = n;
        int p = 0;

        // Function to calculate
        // the sum of individual digits
        while (n > 0) {
                int rem = n % 10;
                p = (p) + (rem * rem * rem);
                n = n / 10;
        }

        // Condition to check whether
        // the value of P equals
        // to user input or not.
        if (temp == p) {
                cout << (""Yes. It is Armstrong No."");
        }
        else {
                cout << (""No. It is not an Armstrong No."");
        }
        return 0;
}
```","Here is the translation from C++ to Rust.
```
fn is_armstrong_number(n: u32) -> bool {
    let mut temp = n;
    let mut sum = 0;

    while temp > 0 {
        let rem = temp % 10;
        sum += rem.pow(3);
        temp /= 10;
    }

    sum == n
}

fn main() {
    let n = 153;
    if is_armstrong_number(n) {
        println!(""Yes. It is an Armstrong Number."");
    } else {
        println!(""No. It is not an Armstrong Number."");
    }
}
```"
"Translate the following C++ code to Rust, ensuring the result is idiomatic, safe, and efficient. Utilize Rust best practices such as ownership, borrowing, and error handling with Result where applicable. Optimize for performance while maintaining readability, following Rust's rustfmt conventions. Ensure the translated code is well-structured, properly indented, and free of unnecessary allocations:
```
// C++ Program to find Nth
// Armstrong Number
#include <bits/stdc++.h>
#include <math.h>
using namespace std;

// Function to find Nth
// Armstrong Number
int NthArmstrong(int n)
{
        int count = 0;

        // Upper limit from integer
        for (int i = 1; i <= INT_MAX; i++) {
                int num = i, rem, digit = 0, sum = 0;

                // Copy the value for num in num
                num = i;

                // Find total digits in num
                digit = (int)log10(num) + 1;

                // Calculate sum of power of digits
                while (num > 0) {
                        rem = num % 10;
                        sum = sum + pow(rem, digit);
                        num = num / 10;
                }
                // Check for Armstrong number
                if (i == sum)
                        count++;
                if (count == n)
                        return i;
        }
}

// Driver code
int main()
{
        int n = 12;
        cout << NthArmstrong(n);
        return 0;
}
```","Here is the translation from C++ to Rust.
```
fn nth_armstrong(n: usize) -> Option<u32> {
    let mut count = 0;
    
    for i in 1..u32::MAX {
        let mut num = i;
        let digit = (num as f64).log10() as u32 + 1;
        let mut sum = 0;
        
        while num > 0 {
            let rem = num % 10;
            sum += rem.pow(digit);
            num /= 10;
        }
        
        if i == sum {
            count += 1;
        }
        
        if count == n {
            return Some(i);
        }
    }
    None
}

fn main() {
    let n = 12;
    if let Some(result) = nth_armstrong(n) {
        println!(""{}"", result);
    } else {
        println!(""No such Armstrong number found."");
    }
}
```"
"Translate the following C++ code to Rust, ensuring the result is idiomatic, safe, and efficient. Utilize Rust best practices such as ownership, borrowing, and error handling with Result where applicable. Optimize for performance while maintaining readability, following Rust's rustfmt conventions. Ensure the translated code is well-structured, properly indented, and free of unnecessary allocations:
```
// C++ program to check and print
// Neon Numbers upto 10000
#include <iostream>
using namespace std;
#include <math.h>

int checkNeon(int x)
{
        // Storing the square of x
        int sq = x * x;

        // Calculating the sum of 
        // digits of sq
        int sum_digits = 0;
        while (sq != 0) 
        {
                sum_digits = sum_digits + sq % 10;
                sq = sq / 10;
        }
        return (sum_digits == x);
}

// Driver Code
int main(void)
{
        // Printing Neon Numbers upto 10000
        for (int i = 1; i <= 10000; i++) 
                if (checkNeon(i))
                        cout << i << "" ""; 
}
```","Here is the translation from C++ to Rust.
```
fn is_neon_number(x: u32) -> bool {
    let mut sq = x * x;
    let mut sum_digits = 0;

    while sq != 0 {
        sum_digits += sq % 10;
        sq /= 10;
    }
    sum_digits == x
}

fn main() {
    for i in 1..=10000 {
        if is_neon_number(i) {
            print!(""{} "", i);
        }
    }
    println!();
}
```"
"Translate the following C++ code to Rust, ensuring the result is idiomatic, safe, and efficient. Utilize Rust best practices such as ownership, borrowing, and error handling with Result where applicable. Optimize for performance while maintaining readability, following Rust's rustfmt conventions. Ensure the translated code is well-structured, properly indented, and free of unnecessary allocations:
```
// C++ program to demonstrate working of
// Variadic function Template
#include <iostream>
using namespace std;

// To handle base case of below recursive
// Variadic function Template
void print()
{
        cout << ""I am empty function and ""
                        ""I am called at last.\n"";
}

// Variadic function Template that takes
// variable number of arguments and prints
// all of them.
template <typename T, typename... Types>
void print(T var1, Types... var2)
{
        cout << var1 << endl;

        print(var2...);
}

// Driver code
int main()
{
        print(1, 2, 3.14,
                ""Pass me any ""
                ""number of arguments"",
                ""I will print\n"");

        return 0;
}
```","Here is the translation from C++ to Rust.
```
use std::fmt::Display;

// Base case to handle the empty function
fn print_empty() {
    println!(""I am empty function and I am called at last."");
}

// Variadic function that prints a single item and recursively prints the rest of the items
fn print<T: Display>(first: T) {
    println!(""{}"", first);
}

// A function to handle multiple arguments and print them all
fn print_multiple<T: Display, U: Display>(first: T, rest: U) {
    print(first);
    print(rest);
}

// Entry point to run the program
fn main() {
    print(1);
    print(2);
    print_multiple(3.14, ""Pass me any "");
    print(""number of arguments"");
    print_empty();
}
```"
"Translate the following C++ code to Rust, ensuring the result is idiomatic, safe, and efficient. Utilize Rust best practices such as ownership, borrowing, and error handling with Result where applicable. Optimize for performance while maintaining readability, following Rust's rustfmt conventions. Ensure the translated code is well-structured, properly indented, and free of unnecessary allocations:
```
#include <bits/stdc++.h>
using namespace std;

// Function to calculate x raised to the power y in O(logn)
int power(int x, unsigned int y)
{
        int temp;
        if (y == 0)
                return 1;
        temp = power(x, y / 2);
        if (y % 2 == 0)
                return temp * temp;
        else
                return x * temp * temp;
}
/*Driver code */
int main()
{
        int x = 2; // Base
        unsigned int y = 3; // Exponent

        int result = power(x, y);

        std::cout << result << std::endl;

        return 0;
}
```","Here is the translation from C++ to Rust.
```
// Function to calculate x raised to the power y in O(logn)
fn power(x: i32, y: u32) -> i32 {
    if y == 0 {
        return 1;
    }
    
    let temp = power(x, y / 2);
    
    if y % 2 == 0 {
        temp * temp
    } else {
        x * temp * temp
    }
}

fn main() {
    let x = 2; // Base
    let y = 3; // Exponent

    let result = power(x, y);

    println!(""{}"", result); // Output the result
}
```"
"Translate the following C++ code to Rust, ensuring the result is idiomatic, safe, and efficient. Utilize Rust best practices such as ownership, borrowing, and error handling with Result where applicable. Optimize for performance while maintaining readability, following Rust's rustfmt conventions. Ensure the translated code is well-structured, properly indented, and free of unnecessary allocations:
```
/* Extended version of power function
that can work for float x and negative y*/
#include <bits/stdc++.h>
using namespace std;

float power(float x, int y)
{
        float temp;
        if (y == 0)
                return 1;
        temp = power(x, y / 2);
        if (y % 2 == 0)
                return temp * temp;
        else {
                if (y > 0)
                        return x * temp * temp;
                else
                        return (temp * temp) / x;
        }
}

// Driver Code
int main()
{
        float x = 2;
        int y = -3;

        // Function call
        cout << power(x, y);
        return 0;
}
```","Here is the translation from C++ to Rust.
```
// Function to calculate x raised to the power y for float x and integer y
fn power(x: f32, y: i32) -> f32 {
    // Base case
    if y == 0 {
        return 1.0;
    }

    let temp = power(x, y / 2);

    // If the exponent is even
    if y % 2 == 0 {
        temp * temp
    } else {
        // If the exponent is positive
        if y > 0 {
            x * temp * temp
        } else {
            // If the exponent is negative
            (temp * temp) / x
        }
    }
}

fn main() {
    let x = 2.0;  // Base
    let y = -3;   // Exponent

    // Function call and printing the result
    println!(""{}"", power(x, y));
}
```"
"Translate the following C++ code to Rust, ensuring the result is idiomatic, safe, and efficient. Utilize Rust best practices such as ownership, borrowing, and error handling with Result where applicable. Optimize for performance while maintaining readability, following Rust's rustfmt conventions. Ensure the translated code is well-structured, properly indented, and free of unnecessary allocations:
```
// C++ program to check if a prime number 
// can be expressed as sum of 
// two Prime Numbers 
#include <bits/stdc++.h> 
using namespace std; 

// Function to check whether 
// a number is prime or not 
bool isPrime(int n) 
{ 
        if (n <= 1) 
                return false; 

        for (int i = 2; i <= sqrt(n); i++) 
        { 
                if (n % i == 0) 
                        return false; 
        } 

        return true; 
} 

// Function to check if a prime number 
// can be expressed as sum of 
// two Prime Numbers 
bool isPossible(int N) 
{ 
        // if the number is prime, 
        // and number-2 is also prime 
        if (isPrime(N) && isPrime(N - 2)) 
                return true; 
        else
                return false; 
} 

// Driver code 
int main() 
{ 
        int n = 13; 

        if (isPossible(n)) 
                cout << ""Yes""; 
        else
                cout << ""No""; 

        return 0; 
} 
```","Here is the translation from C++ to Rust.
```
// Function to check whether a number is prime or not
fn is_prime(n: i32) -> bool {
    if n <= 1 {
        return false;
    }

    // Efficient prime check: Only check up to √n and skip even numbers after 2
    let limit = (n as f64).sqrt() as i32;
    for i in 2..=limit {
        if n % i == 0 {
            return false;
        }
    }

    true
}

// Function to check if a prime number can be expressed as the sum of two prime numbers
fn is_possible(n: i32) -> bool {
    // Check if the number is prime and if n - 2 is prime
    is_prime(n) && is_prime(n - 2)
}

fn main() {
    let n = 13;

    if is_possible(n) {
        println!(""Yes"");
    } else {
        println!(""No"");
    }
}
```"
"Translate the following C++ code to Rust, ensuring the result is idiomatic, safe, and efficient. Utilize Rust best practices such as ownership, borrowing, and error handling with Result where applicable. Optimize for performance while maintaining readability, following Rust's rustfmt conventions. Ensure the translated code is well-structured, properly indented, and free of unnecessary allocations:
```
// C++ program to find transpose 
// of a matrix
#include <bits/stdc++.h>
using namespace std;
#define M 3
#define N 4

// This function stores transpose 
// of A[][] in B[][]
void transpose(int A[][N], int B[][M])
{
        int i, j;
        for(i = 0; i < N; i++)
                for(j = 0; j < M; j++)
                        B[i][j] = A[j][i];
}

// Driver code
int main()
{
        int A[M][N] = {{1, 1, 1, 1},
                                {2, 2, 2, 2},
                                {3, 3, 3, 3}};

        // Note dimensions of B[][]
        int B[N][M], i, j;

        transpose(A, B);

        cout << ""Result matrix is \n"";
        for(i = 0; i < N; i++)
        {
                for(j = 0; j < M; j++)
                        cout << "" "" << B[i][j];
                        
                cout << ""\n"";
        }
        return 0;
}
```","Here is the translation from C++ to Rust.
```
// Function to transpose a matrix
fn transpose(a: &[[i32; 4]; 3], b: &mut [[i32; 3]; 4]) {
    for i in 0..3 {
        for j in 0..4 {
            b[j][i] = a[i][j];
        }
    }
}

fn main() {
    // Initialize matrix A with given values
    let a: [[i32; 4]; 3] = [
        [1, 1, 1, 1],
        [2, 2, 2, 2],
        [3, 3, 3, 3],
    ];

    // Matrix B to hold the result of the transpose
    let mut b: [[i32; 3]; 4] = [[0; 3]; 4];

    // Call transpose function
    transpose(&a, &mut b);

    // Print the result matrix
    println!(""Result matrix is:"");
    for row in b.iter() {
        for &value in row.iter() {
            print!("" {} "", value);
        }
        println!();
    }
}
```"
"Translate the following C++ code to Rust, ensuring the result is idiomatic, safe, and efficient. Utilize Rust best practices such as ownership, borrowing, and error handling with Result where applicable. Optimize for performance while maintaining readability, following Rust's rustfmt conventions. Ensure the translated code is well-structured, properly indented, and free of unnecessary allocations:
```
#include<iostream>
#include<cmath>
using namespace std;

int determinant(int matrix[4][4], int n){
        int det = 0;
        int submatrix[4][4];
        
        if(n == 1){
                return matrix[0][0];
        }
        else if(n == 2){
                return ((matrix[0][0] * matrix[1][1]) - (matrix[1][0] * matrix[0][1]));
        }
        else{
                for(int x = 0; x < n; x++){
                        int subi = 0;
                        for(int i = 1; i < n; i++){
                                int subj = 0;
                                for(int j = 0; j < n; j++){
                                        if(j == x){
                                                continue;
                                        }
                                        submatrix[subi][subj] = matrix[i][j];
                                        subj++;
                                }
                                subi++;
                        }
                        det = det + (pow(-1, x) * matrix[0][x] * determinant(submatrix, n-1));
                }
        }
        return det;
}

int main(){
        int matrix[4][4] = {{1, 0, 2, -1},
                                        {3, 0, 0, 5},
                                        {2, 1, 4, -3},
                                        {1, 0, 5, 0}};
        int n = 4;
        int det = determinant(matrix, n);
        cout<<""Determinant: ""<<det<<endl;
        return 0;
}
```","Here is the translation from C++ to Rust.
```
use std::f64;

// Function to compute the determinant of a matrix recursively
fn determinant(matrix: &[[i32; 4]; 4], n: usize) -> i32 {
    let mut det = 0;

    // Base case for 1x1 matrix
    if n == 1 {
        return matrix[0][0];
    }

    // Base case for 2x2 matrix
    if n == 2 {
        return matrix[0][0] * matrix[1][1] - matrix[1][0] * matrix[0][1];
    }

    // Recursive case for larger matrices
    for x in 0..n {
        let mut submatrix: [[i32; 4]; 4] = [[0; 4]; 4];
        let mut subi = 0;

        for i in 1..n {
            let mut subj = 0;
            for j in 0..n {
                if j == x {
                    continue;
                }
                submatrix[subi][subj] = matrix[i][j];
                subj += 1;
            }
            subi += 1;
        }

        let sign = if x % 2 == 0 { 1 } else { -1 };
        det += sign * matrix[0][x] * determinant(&submatrix, n - 1);
    }

    det
}

fn main() {
    // Initialize the matrix
    let matrix: [[i32; 4]; 4] = [
        [1, 0, 2, -1],
        [3, 0, 0, 5],
        [2, 1, 4, -3],
        [1, 0, 5, 0],
    ];

    let n = 4;
    let det = determinant(&matrix, n);
    
    println!(""Determinant: {}"", det);
}
```"
"Translate the following C++ code to Rust, ensuring the result is idiomatic, safe, and efficient. Utilize Rust best practices such as ownership, borrowing, and error handling with Result where applicable. Optimize for performance while maintaining readability, following Rust's rustfmt conventions. Ensure the translated code is well-structured, properly indented, and free of unnecessary allocations:
```
// C++ code to swap the element of first 
// and last row and display the result 
#include <iostream> 
using namespace std; 

#define n 4 

void interchangeFirstLast(int m[][n]) 
{ 
                int rows = n; 
                
                // Swapping of element between first 
                // and last rows 
                for (int i = 0; i < n; i++) 
                { 
                        int t = m[0][i]; 
                        m[0][i] = m[rows - 1][i]; 
                        m[rows - 1][i] = t; 
                } 
} 

// Driver code 
int main() 
{ 
        // input in the array 
        int m[n][n] = {{8, 9, 7, 6}, 
                                {4, 7, 6, 5}, 
                                {3, 2, 1, 8}, 
                                {9, 9, 7, 7}}; 
                                
        interchangeFirstLast(m); 
        
        // Printing the interchanged matrix 
        for (int i = 0; i < n; i++) 
        { 
                for (int j = 0; j < n; j++) 
                        cout << m[i][j] << "" ""; 
                cout << endl; 
        } 
} 
```","Here is the translation from C++ to Rust.
```
const N: usize = 4;

// Function to swap the first and last row of a matrix
fn interchange_first_last(matrix: &mut [[i32; N]; N]) {
    let rows = N;

    // Swapping the elements between the first and last rows
    for i in 0..N {
        let temp = matrix[0][i];
        matrix[0][i] = matrix[rows - 1][i];
        matrix[rows - 1][i] = temp;
    }
}

fn main() {
    // Initialize the matrix
    let mut matrix: [[i32; N]; N] = [
        [8, 9, 7, 6],
        [4, 7, 6, 5],
        [3, 2, 1, 8],
        [9, 9, 7, 7],
    ];

    // Call the function to interchange the first and last rows
    interchange_first_last(&mut matrix);

    // Printing the interchanged matrix
    for row in matrix.iter() {
        for &elem in row.iter() {
            print!(""{} "", elem);
        }
        println!();
    }
}
```"
"Translate the following C++ code to Rust, ensuring the result is idiomatic, safe, and efficient. Utilize Rust best practices such as ownership, borrowing, and error handling with Result where applicable. Optimize for performance while maintaining readability, following Rust's rustfmt conventions. Ensure the translated code is well-structured, properly indented, and free of unnecessary allocations:
```
// C++ program to multiply two matrices

#include <bits/stdc++.h>
using namespace std;

// Edit MACROs here, according to your Matrix Dimensions for
// mat1[R1][C1] and mat2[R2][C2]
#define R1 2 // number of rows in Matrix-1
#define C1 2 // number of columns in Matrix-1
#define R2 2 // number of rows in Matrix-2
#define C2 3 // number of columns in Matrix-2

void mulMat(int mat1[][C1], int mat2[][C2])
{
        int rslt[R1][C2];

        cout << ""Multiplication of given two matrices is:\n"";

        for (int i = 0; i < R1; i++) {
                for (int j = 0; j < C2; j++) {
                        rslt[i][j] = 0;

                        for (int k = 0; k < R2; k++) {
                                rslt[i][j] += mat1[i][k] * mat2[k][j];
                        }

                        cout << rslt[i][j] << ""\t"";
                }

                cout << endl;
        }
}

// Driver code
int main()
{
        // R1 = 4, C1 = 4 and R2 = 4, C2 = 4 (Update these
        // values in MACROs)
        int mat1[R1][C1] = { { 1, 1 }, { 2, 2 } };

        int mat2[R2][C2] = { { 1, 1, 1 }, { 2, 2, 2 } };

        if (C1 != R2) {
                cout << ""The number of columns in Matrix-1 must ""
                                ""be equal to the number of rows in ""
                                ""Matrix-2""
                        << endl;
                cout << ""Please update MACROs according to your ""
                                ""array dimension in #define section""
                        << endl;

                exit(EXIT_FAILURE);
        }

        // Function call
        mulMat(mat1, mat2);

        return 0;
}
```","const R1: usize = 2; // Number of rows in Matrix-1
const C1: usize = 2; // Number of columns in Matrix-1
const R2: usize = 2; // Number of rows in Matrix-2
const C2: usize = 3; // Number of columns in Matrix-2

// Function to multiply two matrices
fn mul_mat(mat1: &[[i32; C1]; R1], mat2: &[[i32; C2]; R2]) -> [[i32; C2]; R1] {
    let mut result = [[0; C2]; R1]; // Resultant matrix

    // Matrix multiplication logic
    for i in 0..R1 {
        for j in 0..C2 {
            result[i][j] = 0;

            for k in 0..R2 {
                result[i][j] += mat1[i][k] * mat2[k][j];
            }
        }
    }

    result
}

fn main() {
    // Define matrices
    let mat1: [[i32; C1]; R1] = [[1, 1], [2, 2]];
    let mat2: [[i32; C2]; R2] = [[1, 1, 1], [2, 2, 2]];

    // Check if the multiplication is possible (C1 must equal R2)
    if C1 != R2 {
        println!(""The number of columns in Matrix-1 must be equal to the number of rows in Matrix-2."");
        return;
    }

    // Call the function to multiply matrices
    let result = mul_mat(&mat1, &mat2);

    // Print the result matrix
    println!(""Multiplication of the given two matrices is:"");
    for i in 0..R1 {
        for j in 0..C2 {
            print!(""{} "", result[i][j]);
        }
        println!();
    }
}"
"Translate the following C++ code to Rust, ensuring the result is idiomatic, safe, and efficient. Utilize Rust best practices such as ownership, borrowing, and error handling with Result where applicable. Optimize for performance while maintaining readability, following Rust's rustfmt conventions. Ensure the translated code is well-structured, properly indented, and free of unnecessary allocations:
```
#include<iostream>
using namespace std;

class Test
{
private:
  int x;
  int y;
public:
  Test(int x = 0, int y = 0) { this->x = x; this->y = y; }
  void setX(int a) { x = a; }
  void setY(int b) { y = b; }
  void destroy()  { delete this; }
  void print() { cout << ""x = "" << x << "" y = "" << y << endl; }
};

int main()
{
  Test obj;
  obj.destroy();
  obj.print();
  return 0;
}
```","Here is the translation from C++ to Rust.
```
struct Test {
    x: i32,
    y: i32,
}

impl Test {
    fn new(x: i32, y: i32) -> Self {
        Self { x, y }
    }

    fn set_x(&mut self, a: i32) {
        self.x = a;
    }

    fn set_y(&mut self, b: i32) {
        self.y = b;
    }

    fn print(&self) {
        println!(""x = {} y = {}"", self.x, self.y);
    }
}

fn main() {
    let mut obj = Test::new(0, 0);
    obj.print(); // Object is valid and can be used safely

    // No explicit destruction; Rust automatically cleans up when `obj` goes out of scope.
}
```"
"Translate the following C++ code to Rust, ensuring the result is idiomatic, safe, and efficient. Utilize Rust best practices such as ownership, borrowing, and error handling with Result where applicable. Optimize for performance while maintaining readability, following Rust's rustfmt conventions. Ensure the translated code is well-structured, properly indented, and free of unnecessary allocations:
```
// C++ Program for demonstrating
// function pointer as pointer
#include <iostream>
using namespace std;

const int a = 15;
const int b = 2;

// Function for Multiplication
int multiply() { return a * b; }

// Function containing function pointer
// as parameter
void print(int (*funcptr)())
{
	cout << ""The value of the product is: "" << funcptr()
		<< endl;
}

// Driver Function
int main()
{
	print(multiply);
	return 0;
}
```","Here is the translation from C++ to Rust.
```
// Constants for multiplication
const A: i32 = 15;
const B: i32 = 2;

// Function for multiplication
fn multiply() -> i32 {
    A * B
}

// Function taking a function pointer as a parameter
fn print(func_ptr: fn() -> i32) {
    println!(""The value of the product is: {}"", func_ptr());
}

// Main function
fn main() {
    print(multiply);
}
```
"